ts,arm,locked_by,running_count
2026-09-09T09:12:04Z,r1,worker-4eaf28e97fd2-1788944974367,7
2026-09-09T09:12:06Z,r1,worker-4eaf28e97fd2-1788944974367,6
2026-09-09T09:12:07Z,r1,worker-4eaf28e97fd2-1788944974367,8
2026-09-09T09:12:09Z,r1,worker-4eaf28e97fd2-1788944974367,7
2026-09-09T09:12:10Z,r1,worker-4eaf28e97fd2-1788944974367,8
2026-09-09T09:12:12Z,r1,worker-4eaf28e97fd2-1788944974367,5
2026-09-09T09:12:13Z,r1,worker-4eaf28e97fd2-1788944974367,7
2026-09-09T09:12:15Z,r1,worker-4eaf28e97fd2-1788944974367,6
2026-09-09T09:12:17Z,r1,worker-4eaf28e97fd2-1788944974367,8
2026-09-09T09:12:18Z,r1,worker-4eaf28e97fd2-1788944974367,5
2026-09-09T09:12:20Z,r1,worker-4eaf28e97fd2-1788944974367,7
2026-09-09T09:12:21Z,r1,worker-4eaf28e97fd2-1788944974367,4
2026-09-09T09:12:23Z,r1,worker-4eaf28e97fd2-1788944974367,8
2026-09-09T09:12:24Z,r1,worker-4eaf28e97fd2-1788944974367,7
2026-09-09T09:12:26Z,r1,worker-4eaf28e97fd2-1788944974367,7
2026-09-09T09:12:27Z,r1,worker-4eaf28e97fd2-1788944974367,6
2026-09-09T09:12:29Z,r1,worker-4eaf28e97fd2-1788944974367,8
2026-09-09T09:12:31Z,r1,worker-4eaf28e97fd2-1788944974367,6
2026-09-09T09:12:32Z,r1,worker-4eaf28e97fd2-1788944974367,7
2026-09-09T09:12:34Z,r1,worker-4eaf28e97fd2-1788944974367,7
2026-09-09T09:12:35Z,r1,worker-4eaf28e97fd2-1788944974367,8
2026-09-09T09:12:37Z,r1,worker-4eaf28e97fd2-1788944974367,5
2026-09-09T09:12:38Z,r1,worker-4eaf28e97fd2-1788944974367,8
2026-09-09T09:12:40Z,r1,worker-4eaf28e97fd2-1788944974367,5
2026-09-09T09:12:41Z,r1,worker-4eaf28e97fd2-1788944974367,7
2026-09-09T09:12:43Z,r1,worker-4eaf28e97fd2-1788944974367,5
2026-09-09T09:12:45Z,r1,worker-4eaf28e97fd2-1788944974367,8
2026-09-09T09:12:46Z,r1,worker-4eaf28e97fd2-1788944974367,5
2026-09-09T09:12:48Z,r1,worker-4eaf28e97fd2-1788944974367,8
2026-09-09T09:12:49Z,r1,worker-4eaf28e97fd2-1788944974367,5
2026-09-09T09:12:51Z,r1,worker-4eaf28e97fd2-1788944974367,8
2026-09-09T09:12:52Z,r1,worker-4eaf28e97fd2-1788944974367,5
2026-09-09T09:12:54Z,r1,worker-4eaf28e97fd2-1788944974367,7
2026-09-09T09:12:56Z,r1,worker-4eaf28e97fd2-1788944974367,5
2026-09-09T09:12:57Z,r1,worker-4eaf28e97fd2-1788944974367,8
2026-09-09T09:12:59Z,r1,worker-4eaf28e97fd2-1788944974367,6
2026-09-09T09:13:00Z,r1,worker-4eaf28e97fd2-1788944974367,7
2026-09-09T09:13:02Z,r1,worker-4eaf28e97fd2-1788944974367,7
2026-09-09T09:13:03Z,r1,worker-4eaf28e97fd2-1788944974367,7
2026-09-09T09:13:05Z,r1,worker-4eaf28e97fd2-1788944974367,6
2026-09-09T09:13:06Z,r1,worker-4eaf28e97fd2-1788944974367,8
2026-09-09T09:13:08Z,r1,worker-4eaf28e97fd2-1788944974367,6
2026-09-09T09:13:09Z,r1,worker-4eaf28e97fd2-1788944974367,7
2026-09-09T09:13:11Z,r1,worker-4eaf28e97fd2-1788944974367,6
2026-09-09T09:13:13Z,r1,worker-4eaf28e97fd2-1788944974367,8
2026-09-09T09:13:14Z,r1,worker-4eaf28e97fd2-1788944974367,5
2026-09-09T09:13:16Z,r1,worker-4eaf28e97fd2-1788944974367,7
2026-09-09T09:13:17Z,r1,worker-4eaf28e97fd2-1788944974367,5
2026-09-09T09:13:19Z,r1,worker-4eaf28e97fd2-1788944974367,8
2026-09-09T09:13:20Z,r1,worker-4eaf28e97fd2-1788944974367,6
2026-09-09T09:13:22Z,r1,worker-4eaf28e97fd2-1788944974367,8
2026-09-09T09:13:23Z,r1,worker-4eaf28e97fd2-1788944974367,5
2026-09-09T09:13:25Z,r1,worker-4eaf28e97fd2-1788944974367,8
2026-09-09T09:13:27Z,r1,worker-4eaf28e97fd2-1788944974367,6
2026-09-09T09:13:28Z,r1,worker-4eaf28e97fd2-1788944974367,8
2026-09-09T09:13:30Z,r1,worker-4eaf28e97fd2-1788944974367,7
2026-09-09T09:13:31Z,r1,worker-4eaf28e97fd2-1788944974367,8
2026-09-09T09:13:33Z,r1,worker-4eaf28e97fd2-1788944974367,6
2026-09-09T09:13:34Z,r1,worker-4eaf28e97fd2-1788944974367,8
2026-09-09T09:13:36Z,r1,worker-4eaf28e97fd2-1788944974367,6
2026-09-09T09:13:37Z,r1,worker-4eaf28e97fd2-1788944974367,8
2026-09-09T09:13:39Z,r1,worker-4eaf28e97fd2-1788944974367,6
2026-09-09T09:13:41Z,r1,worker-4eaf28e97fd2-1788944974367,8
2026-09-09T09:13:42Z,r1,worker-4eaf28e97fd2-1788944974367,8
2026-09-09T09:13:44Z,r1,worker-4eaf28e97fd2-1788944974367,11
2026-09-09T09:13:45Z,r1,worker-4eaf28e97fd2-1788944974367,5
2026-09-09T09:13:47Z,r1,worker-4eaf28e97fd2-1788944974367,5
2026-09-09T09:13:48Z,r1,worker-4eaf28e97fd2-1788944974367,7
2026-09-09T09:13:50Z,r1,worker-4eaf28e97fd2-1788944974367,12
2026-09-09T09:13:51Z,r1,worker-4eaf28e97fd2-1788944974367,5
2026-09-09T09:13:53Z,r1,worker-4eaf28e97fd2-1788944974367,11
2026-09-09T09:13:54Z,r1,worker-4eaf28e97fd2-1788944974367,8
2026-09-09T09:13:56Z,r1,worker-4eaf28e97fd2-1788944974367,8
2026-09-09T09:13:58Z,r1,worker-4eaf28e97fd2-1788944974367,8
2026-09-09T09:13:59Z,r1,worker-4eaf28e97fd2-1788944974367,8
2026-09-09T09:14:01Z,r1,worker-4eaf28e97fd2-1788944974367,6
2026-09-09T09:14:02Z,r1,worker-4eaf28e97fd2-1788944974367,4
2026-09-09T09:14:04Z,r1,worker-4eaf28e97fd2-1788944974367,7
2026-09-09T09:14:05Z,r1,worker-4eaf28e97fd2-1788944974367,5
2026-09-09T09:14:07Z,r1,worker-4eaf28e97fd2-1788944974367,7
2026-09-09T09:14:08Z,r1,worker-4eaf28e97fd2-1788944974367,4
2026-09-09T09:14:10Z,r1,worker-4eaf28e97fd2-1788944974367,6
2026-09-09T09:14:12Z,r1,worker-4eaf28e97fd2-1788944974367,4
2026-09-09T09:14:13Z,r1,worker-4eaf28e97fd2-1788944974367,8
2026-09-09T09:14:15Z,r1,worker-4eaf28e97fd2-1788944974367,5
2026-09-09T09:14:16Z,r1,worker-4eaf28e97fd2-1788944974367,5
2026-09-09T09:14:18Z,r1,worker-4eaf28e97fd2-1788944974367,6
2026-09-09T09:14:19Z,r1,worker-4eaf28e97fd2-1788944974367,7
2026-09-09T09:14:21Z,r1,worker-4eaf28e97fd2-1788944974367,5
2026-09-09T09:14:22Z,r1,worker-4eaf28e97fd2-1788944974367,7
2026-09-09T09:14:24Z,r1,worker-4eaf28e97fd2-1788944974367,4
2026-09-09T09:14:25Z,r1,worker-4eaf28e97fd2-1788944974367,7
2026-09-09T09:14:27Z,r1,worker-4eaf28e97fd2-1788944974367,5
2026-09-09T09:14:29Z,r1,worker-4eaf28e97fd2-1788944974367,6
2026-09-09T09:14:30Z,r1,worker-4eaf28e97fd2-1788944974367,4
2026-09-09T09:14:32Z,r1,worker-4eaf28e97fd2-1788944974367,7
2026-09-09T09:14:33Z,r1,worker-4eaf28e97fd2-1788944974367,4
2026-09-09T09:14:35Z,r1,worker-4eaf28e97fd2-1788944974367,8
2026-09-09T09:14:36Z,r1,worker-4eaf28e97fd2-1788944974367,5
2026-09-09T09:14:38Z,r1,worker-4eaf28e97fd2-1788944974367,7
2026-09-09T09:14:39Z,r1,worker-4eaf28e97fd2-1788944974367,5
2026-09-09T09:14:41Z,r1,worker-4eaf28e97fd2-1788944974367,7
2026-09-09T09:14:43Z,r1,worker-4eaf28e97fd2-1788944974367,5
2026-09-09T09:14:44Z,r1,worker-4eaf28e97fd2-1788944974367,7
2026-09-09T09:14:46Z,r1,worker-4eaf28e97fd2-1788944974367,5
2026-09-09T09:14:47Z,r1,worker-4eaf28e97fd2-1788944974367,7
2026-09-09T09:14:49Z,r1,worker-4eaf28e97fd2-1788944974367,6
2026-09-09T09:14:50Z,r1,worker-4eaf28e97fd2-1788944974367,7
2026-09-09T09:14:52Z,r1,worker-4eaf28e97fd2-1788944974367,5
2026-09-09T09:14:53Z,r1,worker-4eaf28e97fd2-1788944974367,7
2026-09-09T09:14:55Z,r1,worker-4eaf28e97fd2-1788944974367,6
2026-09-09T09:14:56Z,r1,worker-4eaf28e97fd2-1788944974367,7
2026-09-09T09:14:58Z,r1,worker-4eaf28e97fd2-1788944974367,2
2026-09-09T09:16:56Z,r3,worker-3eef91eb3ced-1788945333410,8
2026-09-09T09:16:56Z,r3,worker-4eaf28e97fd2-1788944974367,7
2026-09-09T09:16:56Z,r3,worker-b1d2e797e924-1788945333677,8
2026-09-09T09:16:58Z,r3,worker-3eef91eb3ced-1788945333410,8
2026-09-09T09:16:58Z,r3,worker-4eaf28e97fd2-1788944974367,7
2026-09-09T09:16:58Z,r3,worker-b1d2e797e924-1788945333677,8
2026-09-09T09:16:59Z,r3,worker-3eef91eb3ced-1788945333410,8
2026-09-09T09:16:59Z,r3,worker-4eaf28e97fd2-1788944974367,8
2026-09-09T09:16:59Z,r3,worker-b1d2e797e924-1788945333677,7
2026-09-09T09:17:01Z,r3,worker-3eef91eb3ced-1788945333410,8
2026-09-09T09:17:01Z,r3,worker-4eaf28e97fd2-1788944974367,7
2026-09-09T09:17:01Z,r3,worker-b1d2e797e924-1788945333677,8
2026-09-09T09:17:02Z,r3,worker-3eef91eb3ced-1788945333410,8
2026-09-09T09:17:02Z,r3,worker-4eaf28e97fd2-1788944974367,7
2026-09-09T09:17:02Z,r3,worker-b1d2e797e924-1788945333677,8
2026-09-09T09:17:04Z,r3,worker-3eef91eb3ced-1788945333410,8
2026-09-09T09:17:04Z,r3,worker-4eaf28e97fd2-1788944974367,7
2026-09-09T09:17:04Z,r3,worker-b1d2e797e924-1788945333677,8
2026-09-09T09:17:06Z,r3,worker-3eef91eb3ced-1788945333410,8
2026-09-09T09:17:06Z,r3,worker-4eaf28e97fd2-1788944974367,8
2026-09-09T09:17:06Z,r3,worker-b1d2e797e924-1788945333677,8
2026-09-09T09:17:07Z,r3,worker-3eef91eb3ced-1788945333410,8
2026-09-09T09:17:07Z,r3,worker-4eaf28e97fd2-1788944974367,8
2026-09-09T09:17:07Z,r3,worker-b1d2e797e924-1788945333677,8
2026-09-09T09:17:09Z,r3,worker-3eef91eb3ced-1788945333410,8
2026-09-09T09:17:09Z,r3,worker-4eaf28e97fd2-1788944974367,8
2026-09-09T09:17:09Z,r3,worker-b1d2e797e924-1788945333677,8
2026-09-09T09:17:10Z,r3,worker-3eef91eb3ced-1788945333410,8
2026-09-09T09:17:10Z,r3,worker-4eaf28e97fd2-1788944974367,8
2026-09-09T09:17:10Z,r3,worker-b1d2e797e924-1788945333677,8
2026-09-09T09:17:12Z,r3,worker-3eef91eb3ced-1788945333410,8
2026-09-09T09:17:12Z,r3,worker-4eaf28e97fd2-1788944974367,8
2026-09-09T09:17:12Z,r3,worker-b1d2e797e924-1788945333677,8
2026-09-09T09:17:13Z,r3,worker-3eef91eb3ced-1788945333410,8
2026-09-09T09:17:13Z,r3,worker-4eaf28e97fd2-1788944974367,7
2026-09-09T09:17:13Z,r3,worker-b1d2e797e924-1788945333677,8
2026-09-09T09:17:15Z,r3,worker-3eef91eb3ced-1788945333410,8
2026-09-09T09:17:15Z,r3,worker-4eaf28e97fd2-1788944974367,8
2026-09-09T09:17:15Z,r3,worker-b1d2e797e924-1788945333677,8
2026-09-09T09:17:16Z,r3,worker-3eef91eb3ced-1788945333410,8
2026-09-09T09:17:16Z,r3,worker-4eaf28e97fd2-1788944974367,8
2026-09-09T09:17:16Z,r3,worker-b1d2e797e924-1788945333677,8
2026-09-09T09:17:18Z,r3,worker-3eef91eb3ced-1788945333410,8
2026-09-09T09:17:18Z,r3,worker-4eaf28e97fd2-1788944974367,8
2026-09-09T09:17:18Z,r3,worker-b1d2e797e924-1788945333677,8
2026-09-09T09:17:20Z,r3,worker-3eef91eb3ced-1788945333410,8
2026-09-09T09:17:20Z,r3,worker-4eaf28e97fd2-1788944974367,8
2026-09-09T09:17:20Z,r3,worker-b1d2e797e924-1788945333677,12
2026-09-09T09:17:21Z,r3,worker-3eef91eb3ced-1788945333410,8
2026-09-09T09:17:21Z,r3,worker-4eaf28e97fd2-1788944974367,8
2026-09-09T09:17:21Z,r3,worker-b1d2e797e924-1788945333677,8
2026-09-09T09:17:23Z,r3,worker-3eef91eb3ced-1788945333410,8
2026-09-09T09:17:23Z,r3,worker-4eaf28e97fd2-1788944974367,8
2026-09-09T09:17:23Z,r3,worker-b1d2e797e924-1788945333677,8
2026-09-09T09:17:24Z,r3,worker-3eef91eb3ced-1788945333410,8
2026-09-09T09:17:24Z,r3,worker-4eaf28e97fd2-1788944974367,8
2026-09-09T09:17:24Z,r3,worker-b1d2e797e924-1788945333677,8
2026-09-09T09:17:26Z,r3,worker-3eef91eb3ced-1788945333410,8
2026-09-09T09:17:26Z,r3,worker-4eaf28e97fd2-1788944974367,8
2026-09-09T09:17:26Z,r3,worker-b1d2e797e924-1788945333677,8
2026-09-09T09:17:27Z,r3,worker-3eef91eb3ced-1788945333410,7
2026-09-09T09:17:27Z,r3,worker-4eaf28e97fd2-1788944974367,7
2026-09-09T09:17:27Z,r3,worker-b1d2e797e924-1788945333677,8
2026-09-09T09:17:29Z,r3,worker-3eef91eb3ced-1788945333410,8
2026-09-09T09:17:29Z,r3,worker-4eaf28e97fd2-1788944974367,8
2026-09-09T09:17:29Z,r3,worker-b1d2e797e924-1788945333677,8
2026-09-09T09:17:30Z,r3,worker-3eef91eb3ced-1788945333410,7
2026-09-09T09:17:30Z,r3,worker-4eaf28e97fd2-1788944974367,7
2026-09-09T09:17:30Z,r3,worker-b1d2e797e924-1788945333677,7
2026-09-09T09:17:32Z,r3,worker-3eef91eb3ced-1788945333410,8
2026-09-09T09:17:32Z,r3,worker-4eaf28e97fd2-1788944974367,8
2026-09-09T09:17:32Z,r3,worker-b1d2e797e924-1788945333677,7
2026-09-09T09:17:34Z,r3,worker-3eef91eb3ced-1788945333410,8
2026-09-09T09:17:34Z,r3,worker-4eaf28e97fd2-1788944974367,7
2026-09-09T09:17:34Z,r3,worker-b1d2e797e924-1788945333677,8
2026-09-09T09:17:35Z,r3,worker-3eef91eb3ced-1788945333410,8
2026-09-09T09:17:35Z,r3,worker-4eaf28e97fd2-1788944974367,7
2026-09-09T09:17:35Z,r3,worker-b1d2e797e924-1788945333677,8
2026-09-09T09:17:37Z,r3,worker-3eef91eb3ced-1788945333410,8
2026-09-09T09:17:37Z,r3,worker-4eaf28e97fd2-1788944974367,8
2026-09-09T09:17:37Z,r3,worker-b1d2e797e924-1788945333677,7
2026-09-09T09:17:38Z,r3,worker-3eef91eb3ced-1788945333410,7
2026-09-09T09:17:38Z,r3,worker-4eaf28e97fd2-1788944974367,8
2026-09-09T09:17:38Z,r3,worker-b1d2e797e924-1788945333677,8
2026-09-09T09:17:40Z,r3,worker-3eef91eb3ced-1788945333410,8
2026-09-09T09:17:40Z,r3,worker-4eaf28e97fd2-1788944974367,7
2026-09-09T09:17:40Z,r3,worker-b1d2e797e924-1788945333677,7
2026-09-09T09:17:41Z,r3,worker-3eef91eb3ced-1788945333410,8
2026-09-09T09:17:41Z,r3,worker-4eaf28e97fd2-1788944974367,8
2026-09-09T09:17:41Z,r3,worker-b1d2e797e924-1788945333677,8
2026-09-09T09:17:43Z,r3,worker-3eef91eb3ced-1788945333410,8
2026-09-09T09:17:43Z,r3,worker-4eaf28e97fd2-1788944974367,7
2026-09-09T09:17:43Z,r3,worker-b1d2e797e924-1788945333677,7
2026-09-09T09:17:44Z,r3,worker-3eef91eb3ced-1788945333410,6
2026-09-09T09:17:44Z,r3,worker-4eaf28e97fd2-1788944974367,8
2026-09-09T09:17:44Z,r3,worker-b1d2e797e924-1788945333677,8
2026-09-09T09:17:46Z,r3,worker-3eef91eb3ced-1788945333410,8
2026-09-09T09:17:46Z,r3,worker-4eaf28e97fd2-1788944974367,8
2026-09-09T09:17:46Z,r3,worker-b1d2e797e924-1788945333677,7
2026-09-09T09:17:48Z,r3,worker-3eef91eb3ced-1788945333410,8
2026-09-09T09:17:48Z,r3,worker-4eaf28e97fd2-1788944974367,8
2026-09-09T09:17:48Z,r3,worker-b1d2e797e924-1788945333677,8
2026-09-09T09:17:49Z,r3,worker-3eef91eb3ced-1788945333410,8
2026-09-09T09:17:49Z,r3,worker-4eaf28e97fd2-1788944974367,6
2026-09-09T09:17:49Z,r3,worker-b1d2e797e924-1788945333677,8
2026-09-09T09:17:51Z,r3,worker-3eef91eb3ced-1788945333410,8
2026-09-09T09:17:51Z,r3,worker-4eaf28e97fd2-1788944974367,7
2026-09-09T09:17:51Z,r3,worker-b1d2e797e924-1788945333677,7
2026-09-09T09:17:52Z,r3,worker-3eef91eb3ced-1788945333410,8
2026-09-09T09:17:52Z,r3,worker-4eaf28e97fd2-1788944974367,7
2026-09-09T09:17:52Z,r3,worker-b1d2e797e924-1788945333677,7
2026-09-09T09:17:54Z,r3,worker-3eef91eb3ced-1788945333410,8
2026-09-09T09:17:54Z,r3,worker-4eaf28e97fd2-1788944974367,8
2026-09-09T09:17:54Z,r3,worker-b1d2e797e924-1788945333677,7
2026-09-09T09:17:55Z,r3,worker-3eef91eb3ced-1788945333410,8
2026-09-09T09:17:55Z,r3,worker-4eaf28e97fd2-1788944974367,8
2026-09-09T09:17:55Z,r3,worker-b1d2e797e924-1788945333677,6
2026-09-09T09:17:57Z,r3,worker-3eef91eb3ced-1788945333410,7
2026-09-09T09:17:57Z,r3,worker-4eaf28e97fd2-1788944974367,7
2026-09-09T09:17:57Z,r3,worker-b1d2e797e924-1788945333677,7
2026-09-09T09:17:58Z,r3,worker-3eef91eb3ced-1788945333410,8
2026-09-09T09:17:58Z,r3,worker-4eaf28e97fd2-1788944974367,6
2026-09-09T09:17:58Z,r3,worker-b1d2e797e924-1788945333677,7
2026-09-09T09:18:00Z,r3,worker-3eef91eb3ced-1788945333410,8
2026-09-09T09:18:00Z,r3,worker-4eaf28e97fd2-1788944974367,8
2026-09-09T09:18:00Z,r3,worker-b1d2e797e924-1788945333677,7
2026-09-09T09:18:02Z,r3,worker-3eef91eb3ced-1788945333410,8
2026-09-09T09:18:02Z,r3,worker-4eaf28e97fd2-1788944974367,7
2026-09-09T09:18:02Z,r3,worker-b1d2e797e924-1788945333677,7
2026-09-09T09:18:03Z,r3,worker-3eef91eb3ced-1788945333410,7
2026-09-09T09:18:03Z,r3,worker-4eaf28e97fd2-1788944974367,7
2026-09-09T09:18:03Z,r3,worker-b1d2e797e924-1788945333677,8
2026-09-09T09:18:05Z,r3,worker-3eef91eb3ced-1788945333410,8
2026-09-09T09:18:05Z,r3,worker-4eaf28e97fd2-1788944974367,6
2026-09-09T09:18:05Z,r3,worker-b1d2e797e924-1788945333677,6
2026-09-09T09:18:06Z,r3,worker-3eef91eb3ced-1788945333410,6
2026-09-09T09:18:06Z,r3,worker-4eaf28e97fd2-1788944974367,7
2026-09-09T09:18:06Z,r3,worker-b1d2e797e924-1788945333677,8
2026-09-09T09:18:08Z,r3,worker-3eef91eb3ced-1788945333410,7
2026-09-09T09:18:08Z,r3,worker-4eaf28e97fd2-1788944974367,8
2026-09-09T09:18:08Z,r3,worker-b1d2e797e924-1788945333677,7
2026-09-09T09:18:09Z,r3,worker-3eef91eb3ced-1788945333410,8
2026-09-09T09:18:09Z,r3,worker-4eaf28e97fd2-1788944974367,8
2026-09-09T09:18:09Z,r3,worker-b1d2e797e924-1788945333677,7
2026-09-09T09:18:11Z,r3,worker-3eef91eb3ced-1788945333410,8
2026-09-09T09:18:11Z,r3,worker-4eaf28e97fd2-1788944974367,8
2026-09-09T09:18:11Z,r3,worker-b1d2e797e924-1788945333677,8
2026-09-09T09:18:12Z,r3,worker-3eef91eb3ced-1788945333410,7
2026-09-09T09:18:12Z,r3,worker-4eaf28e97fd2-1788944974367,8
2026-09-09T09:18:12Z,r3,worker-b1d2e797e924-1788945333677,8
2026-09-09T09:18:14Z,r3,worker-3eef91eb3ced-1788945333410,7
2026-09-09T09:18:14Z,r3,worker-4eaf28e97fd2-1788944974367,8
2026-09-09T09:18:14Z,r3,worker-b1d2e797e924-1788945333677,7
2026-09-09T09:18:16Z,r3,worker-3eef91eb3ced-1788945333410,7
2026-09-09T09:18:16Z,r3,worker-4eaf28e97fd2-1788944974367,8
2026-09-09T09:18:16Z,r3,worker-b1d2e797e924-1788945333677,7
2026-09-09T09:18:17Z,r3,worker-3eef91eb3ced-1788945333410,7
2026-09-09T09:18:17Z,r3,worker-4eaf28e97fd2-1788944974367,8
2026-09-09T09:18:17Z,r3,worker-b1d2e797e924-1788945333677,9
2026-09-09T09:18:19Z,r3,worker-3eef91eb3ced-1788945333410,8
2026-09-09T09:18:19Z,r3,worker-4eaf28e97fd2-1788944974367,8
2026-09-09T09:18:19Z,r3,worker-b1d2e797e924-1788945333677,5
2026-09-09T09:18:20Z,r3,worker-3eef91eb3ced-1788945333410,7
2026-09-09T09:18:20Z,r3,worker-4eaf28e97fd2-1788944974367,8
2026-09-09T09:18:20Z,r3,worker-b1d2e797e924-1788945333677,7
2026-09-09T09:18:22Z,r3,worker-3eef91eb3ced-1788945333410,6
2026-09-09T09:18:22Z,r3,worker-4eaf28e97fd2-1788944974367,7
2026-09-09T09:18:22Z,r3,worker-b1d2e797e924-1788945333677,6
2026-09-09T09:18:23Z,r3,worker-3eef91eb3ced-1788945333410,6
2026-09-09T09:18:23Z,r3,worker-4eaf28e97fd2-1788944974367,8
2026-09-09T09:18:23Z,r3,worker-b1d2e797e924-1788945333677,8
2026-09-09T09:18:25Z,r3,worker-3eef91eb3ced-1788945333410,8
2026-09-09T09:18:25Z,r3,worker-4eaf28e97fd2-1788944974367,4
2026-09-09T09:18:25Z,r3,worker-b1d2e797e924-1788945333677,8
2026-09-09T09:18:26Z,r3,worker-3eef91eb3ced-1788945333410,6
2026-09-09T09:18:26Z,r3,worker-4eaf28e97fd2-1788944974367,8
2026-09-09T09:18:26Z,r3,worker-b1d2e797e924-1788945333677,8
2026-09-09T09:18:28Z,r3,worker-3eef91eb3ced-1788945333410,8
2026-09-09T09:18:28Z,r3,worker-4eaf28e97fd2-1788944974367,8
2026-09-09T09:18:28Z,r3,worker-b1d2e797e924-1788945333677,6
2026-09-09T09:18:29Z,r3,worker-3eef91eb3ced-1788945333410,8
2026-09-09T09:18:29Z,r3,worker-4eaf28e97fd2-1788944974367,7
2026-09-09T09:18:29Z,r3,worker-b1d2e797e924-1788945333677,8
2026-09-09T09:18:31Z,r3,worker-3eef91eb3ced-1788945333410,8
2026-09-09T09:18:31Z,r3,worker-4eaf28e97fd2-1788944974367,6
2026-09-09T09:18:31Z,r3,worker-b1d2e797e924-1788945333677,8
2026-09-09T09:18:33Z,r3,worker-3eef91eb3ced-1788945333410,8
2026-09-09T09:18:33Z,r3,worker-4eaf28e97fd2-1788944974367,7
2026-09-09T09:18:33Z,r3,worker-b1d2e797e924-1788945333677,8
2026-09-09T09:18:34Z,r3,worker-3eef91eb3ced-1788945333410,8
2026-09-09T09:18:34Z,r3,worker-4eaf28e97fd2-1788944974367,8
2026-09-09T09:18:34Z,r3,worker-b1d2e797e924-1788945333677,8
2026-09-09T09:18:36Z,r3,worker-3eef91eb3ced-1788945333410,7
2026-09-09T09:18:36Z,r3,worker-4eaf28e97fd2-1788944974367,7
2026-09-09T09:18:36Z,r3,worker-b1d2e797e924-1788945333677,8
2026-09-09T09:18:37Z,r3,worker-3eef91eb3ced-1788945333410,8
2026-09-09T09:18:37Z,r3,worker-4eaf28e97fd2-1788944974367,6
2026-09-09T09:18:37Z,r3,worker-b1d2e797e924-1788945333677,8
2026-09-09T09:18:39Z,r3,worker-3eef91eb3ced-1788945333410,8
2026-09-09T09:18:39Z,r3,worker-4eaf28e97fd2-1788944974367,8
2026-09-09T09:18:39Z,r3,worker-b1d2e797e924-1788945333677,7
2026-09-09T09:18:40Z,r3,worker-3eef91eb3ced-1788945333410,8
2026-09-09T09:18:40Z,r3,worker-4eaf28e97fd2-1788944974367,8
2026-09-09T09:18:40Z,r3,worker-b1d2e797e924-1788945333677,6
2026-09-09T09:18:42Z,r3,worker-3eef91eb3ced-1788945333410,5
2026-09-09T09:18:42Z,r3,worker-4eaf28e97fd2-1788944974367,8
2026-09-09T09:18:42Z,r3,worker-b1d2e797e924-1788945333677,8
2026-09-09T09:18:43Z,r3,worker-3eef91eb3ced-1788945333410,7
2026-09-09T09:18:43Z,r3,worker-4eaf28e97fd2-1788944974367,8
2026-09-09T09:18:43Z,r3,worker-b1d2e797e924-1788945333677,6
2026-09-09T09:18:45Z,r3,worker-3eef91eb3ced-1788945333410,8
2026-09-09T09:18:45Z,r3,worker-4eaf28e97fd2-1788944974367,7
2026-09-09T09:18:45Z,r3,worker-b1d2e797e924-1788945333677,8
2026-09-09T09:18:47Z,r3,worker-3eef91eb3ced-1788945333410,8
2026-09-09T09:18:47Z,r3,worker-4eaf28e97fd2-1788944974367,8
2026-09-09T09:18:47Z,r3,worker-b1d2e797e924-1788945333677,5
2026-09-09T09:18:48Z,r3,worker-3eef91eb3ced-1788945333410,8
2026-09-09T09:18:48Z,r3,worker-4eaf28e97fd2-1788944974367,7
2026-09-09T09:18:48Z,r3,worker-b1d2e797e924-1788945333677,8
2026-09-09T09:18:50Z,r3,worker-3eef91eb3ced-1788945333410,8
2026-09-09T09:18:50Z,r3,worker-4eaf28e97fd2-1788944974367,7
2026-09-09T09:18:50Z,r3,worker-b1d2e797e924-1788945333677,6
2026-09-09T09:18:51Z,r3,worker-3eef91eb3ced-1788945333410,8
2026-09-09T09:18:51Z,r3,worker-4eaf28e97fd2-1788944974367,7
2026-09-09T09:18:51Z,r3,worker-b1d2e797e924-1788945333677,7
2026-09-09T09:18:53Z,r3,worker-3eef91eb3ced-1788945333410,7
2026-09-09T09:18:53Z,r3,worker-4eaf28e97fd2-1788944974367,8
2026-09-09T09:18:53Z,r3,worker-b1d2e797e924-1788945333677,8
2026-09-09T09:18:54Z,r3,worker-3eef91eb3ced-1788945333410,5
2026-09-09T09:18:54Z,r3,worker-4eaf28e97fd2-1788944974367,7
2026-09-09T09:18:54Z,r3,worker-b1d2e797e924-1788945333677,8
2026-09-09T09:18:56Z,r3,worker-3eef91eb3ced-1788945333410,8
2026-09-09T09:18:56Z,r3,worker-4eaf28e97fd2-1788944974367,8
2026-09-09T09:18:56Z,r3,worker-b1d2e797e924-1788945333677,7
2026-09-09T09:18:57Z,r3,worker-3eef91eb3ced-1788945333410,7
2026-09-09T09:18:57Z,r3,worker-4eaf28e97fd2-1788944974367,8
2026-09-09T09:18:57Z,r3,worker-b1d2e797e924-1788945333677,7
2026-09-09T09:18:59Z,r3,worker-3eef91eb3ced-1788945333410,8
2026-09-09T09:18:59Z,r3,worker-4eaf28e97fd2-1788944974367,7
2026-09-09T09:18:59Z,r3,worker-b1d2e797e924-1788945333677,8
2026-09-09T09:19:01Z,r3,worker-3eef91eb3ced-1788945333410,7
2026-09-09T09:19:01Z,r3,worker-4eaf28e97fd2-1788944974367,5
2026-09-09T09:19:01Z,r3,worker-b1d2e797e924-1788945333677,8
2026-09-09T09:19:02Z,r3,worker-3eef91eb3ced-1788945333410,8
2026-09-09T09:19:02Z,r3,worker-4eaf28e97fd2-1788944974367,7
2026-09-09T09:19:02Z,r3,worker-b1d2e797e924-1788945333677,7
2026-09-09T09:19:04Z,r3,worker-3eef91eb3ced-1788945333410,7
2026-09-09T09:19:04Z,r3,worker-4eaf28e97fd2-1788944974367,6
2026-09-09T09:19:04Z,r3,worker-b1d2e797e924-1788945333677,8
2026-09-09T09:19:05Z,r3,worker-3eef91eb3ced-1788945333410,7
2026-09-09T09:19:05Z,r3,worker-4eaf28e97fd2-1788944974367,8
2026-09-09T09:19:05Z,r3,worker-b1d2e797e924-1788945333677,8
2026-09-09T09:19:07Z,r3,worker-3eef91eb3ced-1788945333410,8
2026-09-09T09:19:07Z,r3,worker-4eaf28e97fd2-1788944974367,7
2026-09-09T09:19:07Z,r3,worker-b1d2e797e924-1788945333677,6
2026-09-09T09:19:08Z,r3,worker-3eef91eb3ced-1788945333410,7
2026-09-09T09:19:08Z,r3,worker-4eaf28e97fd2-1788944974367,8
2026-09-09T09:19:08Z,r3,worker-b1d2e797e924-1788945333677,8
2026-09-09T09:19:10Z,r3,worker-3eef91eb3ced-1788945333410,7
2026-09-09T09:19:10Z,r3,worker-4eaf28e97fd2-1788944974367,5
2026-09-09T09:19:10Z,r3,worker-b1d2e797e924-1788945333677,7
2026-09-09T09:19:11Z,r3,worker-3eef91eb3ced-1788945333410,6
2026-09-09T09:19:11Z,r3,worker-4eaf28e97fd2-1788944974367,8
2026-09-09T09:19:11Z,r3,worker-b1d2e797e924-1788945333677,8
2026-09-09T09:19:13Z,r3,worker-3eef91eb3ced-1788945333410,8
2026-09-09T09:19:13Z,r3,worker-4eaf28e97fd2-1788944974367,7
2026-09-09T09:19:13Z,r3,worker-b1d2e797e924-1788945333677,6
2026-09-09T09:19:14Z,r3,worker-3eef91eb3ced-1788945333410,8
2026-09-09T09:19:14Z,r3,worker-4eaf28e97fd2-1788944974367,8
2026-09-09T09:19:15Z,r3,worker-b1d2e797e924-1788945333677,7
2026-09-09T09:19:16Z,r3,worker-3eef91eb3ced-1788945333410,8
2026-09-09T09:19:16Z,r3,worker-4eaf28e97fd2-1788944974367,8
2026-09-09T09:19:16Z,r3,worker-b1d2e797e924-1788945333677,7
2026-09-09T09:19:18Z,r3,worker-3eef91eb3ced-1788945333410,8
2026-09-09T09:19:18Z,r3,worker-4eaf28e97fd2-1788944974367,8
2026-09-09T09:19:18Z,r3,worker-b1d2e797e924-1788945333677,7
2026-09-09T09:19:19Z,r3,worker-3eef91eb3ced-1788945333410,8
2026-09-09T09:19:19Z,r3,worker-4eaf28e97fd2-1788944974367,8
2026-09-09T09:19:19Z,r3,worker-b1d2e797e924-1788945333677,6
2026-09-09T09:19:21Z,r3,worker-3eef91eb3ced-1788945333410,7
2026-09-09T09:19:21Z,r3,worker-4eaf28e97fd2-1788944974367,8
2026-09-09T09:19:21Z,r3,worker-b1d2e797e924-1788945333677,7
2026-09-09T09:19:22Z,r3,worker-3eef91eb3ced-1788945333410,7
2026-09-09T09:19:22Z,r3,worker-4eaf28e97fd2-1788944974367,8
2026-09-09T09:19:22Z,r3,worker-b1d2e797e924-1788945333677,8
2026-09-09T09:19:24Z,r3,worker-3eef91eb3ced-1788945333410,8
2026-09-09T09:19:24Z,r3,worker-4eaf28e97fd2-1788944974367,8
2026-09-09T09:19:24Z,r3,worker-b1d2e797e924-1788945333677,8
2026-09-09T09:19:25Z,r3,worker-3eef91eb3ced-1788945333410,8
2026-09-09T09:19:25Z,r3,worker-4eaf28e97fd2-1788944974367,7
2026-09-09T09:19:25Z,r3,worker-b1d2e797e924-1788945333677,6
2026-09-09T09:19:27Z,r3,worker-3eef91eb3ced-1788945333410,8
2026-09-09T09:19:27Z,r3,worker-4eaf28e97fd2-1788944974367,8
2026-09-09T09:19:27Z,r3,worker-b1d2e797e924-1788945333677,7
2026-09-09T09:19:28Z,r3,worker-3eef91eb3ced-1788945333410,8
2026-09-09T09:19:28Z,r3,worker-4eaf28e97fd2-1788944974367,8
2026-09-09T09:19:28Z,r3,worker-b1d2e797e924-1788945333677,5
2026-09-09T09:19:30Z,r3,worker-3eef91eb3ced-1788945333410,6
2026-09-09T09:19:30Z,r3,worker-4eaf28e97fd2-1788944974367,8
2026-09-09T09:19:30Z,r3,worker-b1d2e797e924-1788945333677,7
2026-09-09T09:19:32Z,r3,worker-3eef91eb3ced-1788945333410,8
2026-09-09T09:19:32Z,r3,worker-4eaf28e97fd2-1788944974367,8
2026-09-09T09:19:32Z,r3,worker-b1d2e797e924-1788945333677,8
2026-09-09T09:19:33Z,r3,worker-3eef91eb3ced-1788945333410,6
2026-09-09T09:19:33Z,r3,worker-4eaf28e97fd2-1788944974367,8
2026-09-09T09:19:33Z,r3,worker-b1d2e797e924-1788945333677,7
2026-09-09T09:19:35Z,r3,worker-3eef91eb3ced-1788945333410,7
2026-09-09T09:19:35Z,r3,worker-4eaf28e97fd2-1788944974367,8
2026-09-09T09:19:35Z,r3,worker-b1d2e797e924-1788945333677,8
2026-09-09T09:19:36Z,r3,worker-3eef91eb3ced-1788945333410,5
2026-09-09T09:19:36Z,r3,worker-4eaf28e97fd2-1788944974367,8
2026-09-09T09:19:36Z,r3,worker-b1d2e797e924-1788945333677,7
2026-09-09T09:19:38Z,r3,worker-3eef91eb3ced-1788945333410,7
2026-09-09T09:19:38Z,r3,worker-4eaf28e97fd2-1788944974367,8
2026-09-09T09:19:38Z,r3,worker-b1d2e797e924-1788945333677,7
2026-09-09T09:19:39Z,r3,worker-3eef91eb3ced-1788945333410,7
2026-09-09T09:19:39Z,r3,worker-4eaf28e97fd2-1788944974367,11
2026-09-09T09:19:39Z,r3,worker-b1d2e797e924-1788945333677,6
2026-09-09T09:19:41Z,r3,worker-3eef91eb3ced-1788945333410,7
2026-09-09T09:19:41Z,r3,worker-4eaf28e97fd2-1788944974367,7
2026-09-09T09:19:41Z,r3,worker-b1d2e797e924-1788945333677,8
2026-09-09T09:19:43Z,r3,worker-3eef91eb3ced-1788945333410,5
2026-09-09T09:19:43Z,r3,worker-4eaf28e97fd2-1788944974367,8
2026-09-09T09:19:43Z,r3,worker-b1d2e797e924-1788945333677,8
2026-09-09T09:19:44Z,r3,worker-3eef91eb3ced-1788945333410,6
2026-09-09T09:19:44Z,r3,worker-4eaf28e97fd2-1788944974367,8
2026-09-09T09:19:44Z,r3,worker-b1d2e797e924-1788945333677,8
2026-09-09T09:19:46Z,r3,worker-3eef91eb3ced-1788945333410,7
2026-09-09T09:19:46Z,r3,worker-4eaf28e97fd2-1788944974367,8
2026-09-09T09:19:46Z,r3,worker-b1d2e797e924-1788945333677,7
2026-09-09T09:19:47Z,r3,worker-3eef91eb3ced-1788945333410,6
2026-09-09T09:19:47Z,r3,worker-4eaf28e97fd2-1788944974367,8
2026-09-09T09:19:47Z,r3,worker-b1d2e797e924-1788945333677,8
2026-09-09T09:19:49Z,r3,worker-3eef91eb3ced-1788945333410,8
2026-09-09T09:19:49Z,r3,worker-4eaf28e97fd2-1788944974367,7
2026-09-09T09:19:49Z,r3,worker-b1d2e797e924-1788945333677,6
2026-09-09T09:19:50Z,r3,worker-3eef91eb3ced-1788945333410,8
2026-09-09T09:19:50Z,r3,worker-4eaf28e97fd2-1788944974367,8
2026-09-09T09:19:50Z,r3,worker-b1d2e797e924-1788945333677,8
2026-09-09T09:19:52Z,r3,worker-3eef91eb3ced-1788945333410,8
2026-09-09T09:19:52Z,r3,worker-4eaf28e97fd2-1788944974367,8
2026-09-09T09:19:52Z,r3,worker-b1d2e797e924-1788945333677,6
2026-09-09T09:19:53Z,r3,worker-3eef91eb3ced-1788945333410,8
2026-09-09T09:19:53Z,r3,worker-4eaf28e97fd2-1788944974367,8
2026-09-09T09:19:53Z,r3,worker-b1d2e797e924-1788945333677,7
2026-09-09T09:19:55Z,r3,worker-3eef91eb3ced-1788945333410,8
2026-09-09T09:19:55Z,r3,worker-4eaf28e97fd2-1788944974367,8
2026-09-09T09:19:55Z,r3,worker-b1d2e797e924-1788945333677,5
2026-09-09T09:19:57Z,r3,worker-3eef91eb3ced-1788945333410,6
2026-09-09T09:19:57Z,r3,worker-4eaf28e97fd2-1788944974367,8
2026-09-09T09:19:57Z,r3,worker-b1d2e797e924-1788945333677,8
2026-09-09T09:19:58Z,r3,worker-3eef91eb3ced-1788945333410,8
2026-09-09T09:19:58Z,r3,worker-4eaf28e97fd2-1788944974367,7
2026-09-09T09:19:58Z,r3,worker-b1d2e797e924-1788945333677,8
2026-09-09T09:20:00Z,r3,worker-3eef91eb3ced-1788945333410,6
2026-09-09T09:20:00Z,r3,worker-4eaf28e97fd2-1788944974367,8
2026-09-09T09:20:00Z,r3,worker-b1d2e797e924-1788945333677,7
2026-09-09T09:20:01Z,r3,worker-3eef91eb3ced-1788945333410,8
2026-09-09T09:20:01Z,r3,worker-4eaf28e97fd2-1788944974367,8
2026-09-09T09:20:01Z,r3,worker-b1d2e797e924-1788945333677,7
2026-09-09T09:20:03Z,r3,worker-3eef91eb3ced-1788945333410,5
2026-09-09T09:20:03Z,r3,worker-4eaf28e97fd2-1788944974367,8
2026-09-09T09:20:03Z,r3,worker-b1d2e797e924-1788945333677,6
2026-09-09T09:20:04Z,r3,worker-3eef91eb3ced-1788945333410,3
2026-09-09T09:20:04Z,r3,worker-4eaf28e97fd2-1788944974367,4
2026-09-09T09:20:04Z,r3,worker-b1d2e797e924-1788945333677,5
2026-09-09T09:20:06Z,r3,worker-3eef91eb3ced-1788945333410,1
2026-09-09T09:20:06Z,r3,worker-4eaf28e97fd2-1788944974367,1
2026-09-09T09:20:06Z,r3,worker-b1d2e797e924-1788945333677,4
