ts,arm,queued_due,running,lock_waits,pg_backends
2026-09-09T09:12:05Z,r1,572,6,0,7
2026-09-09T09:12:06Z,r1,567,6,0,7
2026-09-09T09:12:08Z,r1,561,7,0,7
2026-09-09T09:12:09Z,r1,559,6,0,8
2026-09-09T09:12:11Z,r1,551,7,0,7
2026-09-09T09:12:12Z,r1,549,4,0,7
2026-09-09T09:12:14Z,r1,542,6,0,7
2026-09-09T09:12:15Z,r1,538,6,0,7
2026-09-09T09:12:17Z,r1,531,6,0,7
2026-09-09T09:12:19Z,r1,528,4,0,7
2026-09-09T09:12:20Z,r1,520,7,0,7
2026-09-09T09:12:22Z,r1,517,3,0,7
2026-09-09T09:12:23Z,r1,509,8,0,7
2026-09-09T09:12:25Z,r1,506,6,0,7
2026-09-09T09:12:26Z,r1,500,6,0,7
2026-09-09T09:12:28Z,r1,496,4,0,7
2026-09-09T09:12:29Z,r1,488,8,0,7
2026-09-09T09:12:31Z,r1,485,6,0,7
2026-09-09T09:12:33Z,r1,479,6,0,7
2026-09-09T09:12:34Z,r1,475,6,0,7
2026-09-09T09:12:36Z,r1,467,7,0,7
2026-09-09T09:12:37Z,r1,465,4,0,7
2026-09-09T09:12:39Z,r1,457,7,0,7
2026-09-09T09:12:40Z,r1,454,5,0,7
2026-09-09T09:12:42Z,r1,448,6,0,7
2026-09-09T09:12:43Z,r1,444,5,0,7
2026-09-09T09:12:45Z,r1,437,7,0,7
2026-09-09T09:12:47Z,r1,435,4,0,7
2026-09-09T09:12:48Z,r1,427,7,0,7
2026-09-09T09:12:50Z,r1,424,4,0,7
2026-09-09T09:12:51Z,r1,416,7,0,7
2026-09-09T09:12:53Z,r1,413,5,0,7
2026-09-09T09:12:54Z,r1,406,7,0,7
2026-09-09T09:12:56Z,r1,404,4,0,7
2026-09-09T09:12:57Z,r1,396,7,0,7
2026-09-09T09:12:59Z,r1,393,5,0,7
2026-09-09T09:13:01Z,r1,387,6,0,6
2026-09-09T09:13:02Z,r1,383,7,0,6
2026-09-09T09:13:04Z,r1,376,7,0,7
2026-09-09T09:13:05Z,r1,373,5,0,7
2026-09-09T09:13:07Z,r1,366,7,0,7
2026-09-09T09:13:08Z,r1,362,6,0,7
2026-09-09T09:13:10Z,r1,356,6,0,7
2026-09-09T09:13:11Z,r1,352,5,0,7
2026-09-09T09:13:13Z,r1,345,7,0,7
2026-09-09T09:13:15Z,r1,341,5,0,7
2026-09-09T09:13:16Z,r1,335,6,0,7
2026-09-09T09:13:18Z,r1,331,4,0,7
2026-09-09T09:13:19Z,r1,324,7,0,7
2026-09-09T09:13:21Z,r1,320,5,0,6
2026-09-09T09:13:22Z,r1,313,8,0,6
2026-09-09T09:13:24Z,r1,311,4,0,6
2026-09-09T09:13:25Z,r1,302,7,0,7
2026-09-09T09:13:27Z,r1,299,6,0,7
2026-09-09T09:13:29Z,r1,291,8,0,7
2026-09-09T09:13:30Z,r1,289,7,0,7
2026-09-09T09:13:32Z,r1,282,8,0,8
2026-09-09T09:13:33Z,r1,280,5,0,8
2026-09-09T09:13:35Z,r1,274,8,0,8
2026-09-09T09:13:36Z,r1,271,5,0,8
2026-09-09T09:13:38Z,r1,264,7,0,8
2026-09-09T09:13:39Z,r1,260,5,0,8
2026-09-09T09:13:41Z,r1,252,7,0,8
2026-09-09T09:13:43Z,r1,248,7,0,7
2026-09-09T09:13:44Z,r1,242,8,0,7
2026-09-09T09:13:46Z,r1,239,4,0,7
2026-09-09T09:13:47Z,r1,232,6,0,7
2026-09-09T09:13:49Z,r1,227,6,0,7
2026-09-09T09:13:50Z,r1,220,8,0,7
2026-09-09T09:13:52Z,r1,217,4,0,7
2026-09-09T09:13:53Z,r1,209,8,0,7
2026-09-09T09:13:55Z,r1,207,7,0,7
2026-09-09T09:13:56Z,r1,200,7,0,7
2026-09-09T09:13:58Z,r1,196,7,0,7
2026-09-09T09:14:00Z,r1,189,8,0,7
2026-09-09T09:14:01Z,r1,185,6,0,7
2026-09-09T09:14:03Z,r1,178,7,0,7
2026-09-09T09:14:04Z,r1,174,6,0,7
2026-09-09T09:14:06Z,r1,167,8,0,7
2026-09-09T09:14:07Z,r1,163,7,0,7
2026-09-09T09:14:09Z,r1,156,7,0,7
2026-09-09T09:14:10Z,r1,153,5,0,7
2026-09-09T09:14:12Z,r1,146,7,0,7
2026-09-09T09:14:13Z,r1,141,7,0,7
2026-09-09T09:14:15Z,r1,136,7,0,7
2026-09-09T09:14:17Z,r1,133,5,0,7
2026-09-09T09:14:18Z,r1,126,8,0,7
2026-09-09T09:14:20Z,r1,121,6,0,7
2026-09-09T09:14:21Z,r1,115,8,0,7
2026-09-09T09:14:23Z,r1,113,5,0,7
2026-09-09T09:14:24Z,r1,105,7,0,7
2026-09-09T09:14:26Z,r1,101,6,0,7
2026-09-09T09:14:27Z,r1,95,8,0,7
2026-09-09T09:14:29Z,r1,92,5,0,7
2026-09-09T09:14:31Z,r1,82,8,0,7
2026-09-09T09:14:32Z,r1,81,6,0,7
2026-09-09T09:14:34Z,r1,73,8,0,7
2026-09-09T09:14:35Z,r1,71,7,0,7
2026-09-09T09:14:37Z,r1,65,7,0,7
2026-09-09T09:14:38Z,r1,62,7,0,7
2026-09-09T09:14:40Z,r1,56,7,0,7
2026-09-09T09:14:41Z,r1,52,6,0,8
2026-09-09T09:14:43Z,r1,49,8,0,8
2026-09-09T09:14:44Z,r1,40,6,0,8
2026-09-09T09:14:46Z,r1,36,8,0,8
2026-09-09T09:14:48Z,r1,31,6,0,8
2026-09-09T09:14:49Z,r1,27,8,0,8
2026-09-09T09:14:51Z,r1,20,7,0,7
2026-09-09T09:14:52Z,r1,17,8,0,7
2026-09-09T09:14:54Z,r1,11,6,0,7
2026-09-09T09:14:55Z,r1,7,7,0,7
2026-09-09T09:14:57Z,r1,0,7,0,7
2026-09-09T09:14:58Z,r1,0,2,0,7
2026-09-09T09:15:00Z,r1,0,0,0,7
2026-09-09T09:15:02Z,r1,0,0,0,7
2026-09-09T09:15:03Z,r1,0,0,0,7
2026-09-09T09:15:05Z,r1,0,0,0,7
2026-09-09T09:15:06Z,r1,0,0,0,4
2026-09-09T09:15:08Z,r1,0,0,0,4
2026-09-09T09:15:09Z,r1,0,0,0,2
2026-09-09T09:15:11Z,r1,0,0,0,2
2026-09-09T09:15:12Z,r1,0,0,0,2
2026-09-09T09:15:14Z,r1,0,0,0,2
2026-09-09T09:15:15Z,r1,0,0,0,2
2026-09-09T09:15:17Z,r1,0,0,0,2
2026-09-09T09:15:19Z,r1,0,0,0,2
2026-09-09T09:15:20Z,r1,0,0,0,2
2026-09-09T09:15:22Z,r1,0,0,0,2
2026-09-09T09:15:23Z,r1,0,0,0,2
2026-09-09T09:15:25Z,r1,0,0,0,2
2026-09-09T09:15:26Z,r1,0,0,0,2
2026-09-09T09:16:57Z,r3,545,24,0,12
2026-09-09T09:16:58Z,r3,544,22,0,11
2026-09-09T09:17:00Z,r3,541,23,0,10
2026-09-09T09:17:01Z,r3,538,23,0,13
2026-09-09T09:17:03Z,r3,536,24,0,11
2026-09-09T09:17:04Z,r3,535,22,0,10
2026-09-09T09:17:06Z,r3,531,24,0,12
2026-09-09T09:17:08Z,r3,530,24,0,12
2026-09-09T09:17:09Z,r3,529,23,0,12
2026-09-09T09:17:11Z,r3,528,24,0,10
2026-09-09T09:17:12Z,r3,528,24,0,10
2026-09-09T09:17:14Z,r3,527,23,0,10
2026-09-09T09:17:15Z,r3,525,24,0,10
2026-09-09T09:17:17Z,r3,522,23,0,11
2026-09-09T09:17:18Z,r3,519,24,0,11
2026-09-09T09:17:20Z,r3,516,24,0,10
2026-09-09T09:17:22Z,r3,513,23,0,10
2026-09-09T09:17:23Z,r3,510,24,0,9
2026-09-09T09:17:25Z,r3,508,24,0,10
2026-09-09T09:17:26Z,r3,506,23,0,11
2026-09-09T09:17:28Z,r3,504,23,0,10
2026-09-09T09:17:29Z,r3,497,24,0,10
2026-09-09T09:17:31Z,r3,494,21,0,10
2026-09-09T09:17:32Z,r3,489,23,0,10
2026-09-09T09:17:34Z,r3,487,23,0,10
2026-09-09T09:17:36Z,r3,483,22,0,10
2026-09-09T09:17:37Z,r3,478,21,0,11
2026-09-09T09:17:39Z,r3,472,23,0,11
2026-09-09T09:17:40Z,r3,469,22,0,11
2026-09-09T09:17:42Z,r3,464,22,0,11
2026-09-09T09:17:43Z,r3,460,21,0,11
2026-09-09T09:17:45Z,r3,455,21,0,12
2026-09-09T09:17:46Z,r3,449,24,0,12
2026-09-09T09:17:48Z,r3,444,24,0,11
2026-09-09T09:17:50Z,r3,439,24,0,11
2026-09-09T09:17:51Z,r3,433,22,0,11
2026-09-09T09:17:53Z,r3,430,24,0,11
2026-09-09T09:17:54Z,r3,424,22,0,10
2026-09-09T09:17:56Z,r3,419,24,0,11
2026-09-09T09:17:57Z,r3,414,21,0,12
2026-09-09T09:17:59Z,r3,409,24,0,11
2026-09-09T09:18:00Z,r3,403,23,0,11
2026-09-09T09:18:02Z,r3,398,23,0,11
2026-09-09T09:18:03Z,r3,394,21,0,11
2026-09-09T09:18:05Z,r3,389,24,0,12
2026-09-09T09:18:07Z,r3,384,26,0,11
2026-09-09T09:18:08Z,r3,372,22,0,11
2026-09-09T09:18:10Z,r3,371,23,0,12
2026-09-09T09:18:11Z,r3,366,23,0,12
2026-09-09T09:18:13Z,r3,362,24,0,12
2026-09-09T09:18:14Z,r3,358,23,0,12
2026-09-09T09:18:16Z,r3,356,23,0,12
2026-09-09T09:18:17Z,r3,348,22,0,12
2026-09-09T09:18:19Z,r3,343,21,0,11
2026-09-09T09:18:21Z,r3,337,22,0,12
2026-09-09T09:18:22Z,r3,333,20,0,12
2026-09-09T09:18:24Z,r3,327,22,0,12
2026-09-09T09:18:25Z,r3,324,27,0,14
2026-09-09T09:18:27Z,r3,317,22,0,14
2026-09-09T09:18:28Z,r3,310,22,0,14
2026-09-09T09:18:30Z,r3,305,23,0,13
2026-09-09T09:18:31Z,r3,301,23,0,13
2026-09-09T09:18:33Z,r3,294,23,0,13
2026-09-09T09:18:35Z,r3,289,23,0,13
2026-09-09T09:18:36Z,r3,285,21,0,12
2026-09-09T09:18:38Z,r3,277,24,0,11
2026-09-09T09:18:39Z,r3,273,23,0,11
2026-09-09T09:18:41Z,r3,270,21,0,12
2026-09-09T09:18:42Z,r3,266,20,0,14
2026-09-09T09:18:44Z,r3,260,21,0,14
2026-09-09T09:18:45Z,r3,254,22,0,14
2026-09-09T09:18:47Z,r3,250,21,0,14
2026-09-09T09:18:49Z,r3,245,22,0,13
2026-09-09T09:18:50Z,r3,241,22,0,13
2026-09-09T09:18:52Z,r3,233,21,0,14
2026-09-09T09:18:53Z,r3,228,23,0,12
2026-09-09T09:18:55Z,r3,226,23,0,13
2026-09-09T09:18:56Z,r3,215,24,0,13
2026-09-09T09:18:58Z,r3,216,23,0,12
2026-09-09T09:18:59Z,r3,209,23,0,12
2026-09-09T09:19:01Z,r3,205,21,0,12
2026-09-09T09:19:03Z,r3,200,22,0,12
2026-09-09T09:19:04Z,r3,197,22,0,12
2026-09-09T09:19:06Z,r3,192,22,0,12
2026-09-09T09:19:07Z,r3,188,21,0,12
2026-09-09T09:19:09Z,r3,179,22,0,14
2026-09-09T09:19:10Z,r3,172,22,0,14
2026-09-09T09:19:12Z,r3,167,21,0,14
2026-09-09T09:19:13Z,r3,162,22,0,14
2026-09-09T09:19:15Z,r3,156,22,0,14
2026-09-09T09:19:16Z,r3,151,22,0,14
2026-09-09T09:19:18Z,r3,147,22,0,14
2026-09-09T09:19:20Z,r3,142,21,0,13
2026-09-09T09:19:21Z,r3,136,21,0,11
2026-09-09T09:19:23Z,r3,130,22,0,11
2026-09-09T09:19:24Z,r3,124,23,0,12
2026-09-09T09:19:26Z,r3,122,22,0,12
2026-09-09T09:19:27Z,r3,115,23,0,12
2026-09-09T09:19:29Z,r3,112,23,0,12
2026-09-09T09:19:30Z,r3,106,20,0,13
2026-09-09T09:19:32Z,r3,99,24,0,12
2026-09-09T09:19:34Z,r3,96,20,0,12
2026-09-09T09:19:35Z,r3,88,22,0,13
2026-09-09T09:19:37Z,r3,85,23,0,13
2026-09-09T09:19:38Z,r3,79,22,0,13
2026-09-09T09:19:40Z,r3,73,21,0,13
2026-09-09T09:19:41Z,r3,68,22,0,14
2026-09-09T09:19:43Z,r3,60,23,0,13
2026-09-09T09:19:45Z,r3,57,21,0,12
2026-09-09T09:19:46Z,r3,51,23,0,13
2026-09-09T09:19:48Z,r3,46,21,0,13
2026-09-09T09:19:49Z,r3,41,20,0,13
2026-09-09T09:19:51Z,r3,33,23,0,12
2026-09-09T09:19:52Z,r3,31,21,0,12
2026-09-09T09:19:54Z,r3,26,22,0,13
2026-09-09T09:19:55Z,r3,22,20,0,13
2026-09-09T09:19:57Z,r3,15,22,0,13
2026-09-09T09:19:59Z,r3,9,23,0,12
2026-09-09T09:20:00Z,r3,7,19,0,11
2026-09-09T09:20:02Z,r3,1,22,0,11
2026-09-09T09:20:03Z,r3,0,18,0,11
2026-09-09T09:20:05Z,r3,0,11,0,11
2026-09-09T09:20:06Z,r3,0,4,0,11
2026-09-09T09:20:08Z,r3,0,0,0,11
2026-09-09T09:20:09Z,r3,0,0,0,11
2026-09-09T09:20:11Z,r3,0,0,0,11
2026-09-09T09:20:13Z,r3,0,0,0,10
2026-09-09T09:20:14Z,r3,0,0,0,10
2026-09-09T09:20:16Z,r3,0,0,0,8
2026-09-09T09:20:17Z,r3,0,0,0,4
2026-09-09T09:20:19Z,r3,0,0,0,4
2026-09-09T09:20:20Z,r3,0,0,0,4
2026-09-09T09:20:22Z,r3,0,0,0,4
2026-09-09T09:20:23Z,r3,0,0,0,4
2026-09-09T09:20:25Z,r3,0,0,0,4
2026-09-09T09:20:27Z,r3,0,0,0,4
2026-09-09T09:20:28Z,r3,0,0,0,4
2026-09-09T09:20:30Z,r3,0,0,0,4
2026-09-09T09:20:31Z,r3,0,0,0,4
2026-09-09T09:20:33Z,r3,0,0,0,4
2026-09-09T09:20:34Z,r3,0,0,0,4
