auth-fail,0,401,33.882,auth-fail-timing-1788932553773-0
auth-fail,1,401,6.345,auth-fail-timing-1788932553813-1
auth-fail,2,401,6.275,auth-fail-timing-1788932553819-2
auth-fail,3,401,6.527,auth-fail-timing-1788932553826-3
auth-fail,4,401,6.161,auth-fail-timing-1788932553833-4
auth-fail,5,401,6.322,auth-fail-timing-1788932553839-5
auth-fail,6,401,6.428,auth-fail-timing-1788932553846-6
auth-fail,7,401,6.702,auth-fail-timing-1788932553852-7
auth-fail,8,401,7.107,auth-fail-timing-1788932553859-8
auth-fail,9,401,11.381,auth-fail-timing-1788932553867-9
auth-fail,10,401,6.400,auth-fail-timing-1788932553879-10
auth-fail,11,401,6.324,auth-fail-timing-1788932553885-11
auth-fail,12,401,6.239,auth-fail-timing-1788932553892-12
auth-fail,13,401,6.132,auth-fail-timing-1788932553899-13
auth-fail,14,401,6.284,auth-fail-timing-1788932553905-14
auth-fail,15,401,5.922,auth-fail-timing-1788932553912-15
auth-fail,16,401,6.013,auth-fail-timing-1788932553918-16
auth-fail,17,401,6.302,auth-fail-timing-1788932553924-17
auth-fail,18,401,6.018,auth-fail-timing-1788932553931-18
auth-fail,19,401,5.985,auth-fail-timing-1788932553937-19
auth-fail,20,401,4.933,auth-fail-timing-1788932553943-20
auth-fail,21,401,7.098,auth-fail-timing-1788932553948-21
auth-fail,22,401,6.196,auth-fail-timing-1788932553956-22
auth-fail,23,401,5.310,auth-fail-timing-1788932553962-23
auth-fail,24,401,6.151,auth-fail-timing-1788932553968-24
auth-fail,25,401,4.946,auth-fail-timing-1788932553974-25
auth-fail,26,401,6.079,auth-fail-timing-1788932553979-26
auth-fail,27,401,6.156,auth-fail-timing-1788932553986-27
auth-fail,28,401,7.501,auth-fail-timing-1788932553992-28
auth-fail,29,401,6.619,auth-fail-timing-1788932554000-29
auth-fail,30,401,6.123,auth-fail-timing-1788932554007-30
auth-fail,31,401,4.915,auth-fail-timing-1788932554013-31
auth-fail,32,401,5.971,auth-fail-timing-1788932554018-32
auth-fail,33,401,6.039,auth-fail-timing-1788932554025-33
auth-fail,34,401,6.108,auth-fail-timing-1788932554031-34
auth-fail,35,401,5.886,auth-fail-timing-1788932554037-35
auth-fail,36,401,5.688,auth-fail-timing-1788932554043-36
auth-fail,37,401,5.501,auth-fail-timing-1788932554049-37
auth-fail,38,401,5.275,auth-fail-timing-1788932554055-38
auth-fail,39,401,5.987,auth-fail-timing-1788932554061-39
auth-fail,40,401,5.924,auth-fail-timing-1788932554067-40
auth-fail,41,401,6.043,auth-fail-timing-1788932554073-41
auth-fail,42,401,6.437,auth-fail-timing-1788932554079-42
auth-fail,43,401,7.279,auth-fail-timing-1788932554086-43
auth-fail,44,401,6.827,auth-fail-timing-1788932554094-44
auth-fail,45,401,6.647,auth-fail-timing-1788932554101-45
auth-fail,46,401,5.868,auth-fail-timing-1788932554108-46
auth-fail,47,401,7.776,auth-fail-timing-1788932554114-47
auth-fail,48,401,9.137,auth-fail-timing-1788932554122-48
auth-fail,49,401,6.071,auth-fail-timing-1788932554131-49
auth-fail,50,401,6.560,auth-fail-timing-1788932554138-50
auth-fail,51,401,6.378,auth-fail-timing-1788932554144-51
auth-fail,52,401,6.264,auth-fail-timing-1788932554151-52
auth-fail,53,401,6.023,auth-fail-timing-1788932554158-53
auth-fail,54,401,5.967,auth-fail-timing-1788932554164-54
auth-fail,55,401,5.995,auth-fail-timing-1788932554170-55
auth-fail,56,401,6.212,auth-fail-timing-1788932554176-56
auth-fail,57,401,6.210,auth-fail-timing-1788932554183-57
auth-fail,58,401,6.581,auth-fail-timing-1788932554189-58
auth-fail,59,401,6.310,auth-fail-timing-1788932554196-59
auth-fail,60,401,7.340,auth-fail-timing-1788932554203-60
auth-fail,61,401,5.122,auth-fail-timing-1788932554210-61
auth-fail,62,401,6.309,auth-fail-timing-1788932554216-62
auth-fail,63,401,7.947,auth-fail-timing-1788932554222-63
auth-fail,64,401,6.321,auth-fail-timing-1788932554230-64
auth-fail,65,401,6.917,auth-fail-timing-1788932554237-65
auth-fail,66,401,7.204,auth-fail-timing-1788932554244-66
auth-fail,67,401,5.977,auth-fail-timing-1788932554251-67
auth-fail,68,401,9.973,auth-fail-timing-1788932554258-68
auth-fail,69,401,5.594,auth-fail-timing-1788932554268-69
auth-fail,70,401,5.494,auth-fail-timing-1788932554274-70
auth-fail,71,401,5.293,auth-fail-timing-1788932554279-71
auth-fail,72,401,5.432,auth-fail-timing-1788932554285-72
auth-fail,73,401,5.317,auth-fail-timing-1788932554290-73
auth-fail,74,401,5.220,auth-fail-timing-1788932554296-74
auth-fail,75,401,5.358,auth-fail-timing-1788932554301-75
auth-fail,76,401,5.313,auth-fail-timing-1788932554307-76
auth-fail,77,401,5.322,auth-fail-timing-1788932554312-77
auth-fail,78,401,5.285,auth-fail-timing-1788932554318-78
auth-fail,79,401,5.219,auth-fail-timing-1788932554323-79
auth-fail,80,401,5.337,auth-fail-timing-1788932554328-80
auth-fail,81,401,5.380,auth-fail-timing-1788932554334-81
auth-fail,82,401,4.349,auth-fail-timing-1788932554339-82
auth-fail,83,401,5.459,auth-fail-timing-1788932554344-83
auth-fail,84,401,5.647,auth-fail-timing-1788932554350-84
auth-fail,85,401,4.619,auth-fail-timing-1788932554355-85
auth-fail,86,401,5.677,auth-fail-timing-1788932554360-86
auth-fail,87,401,5.659,auth-fail-timing-1788932554366-87
auth-fail,88,401,5.457,auth-fail-timing-1788932554372-88
auth-fail,89,401,4.272,auth-fail-timing-1788932554377-89
auth-fail,90,401,5.468,auth-fail-timing-1788932554382-90
auth-fail,91,401,5.262,auth-fail-timing-1788932554387-91
auth-fail,92,401,5.322,auth-fail-timing-1788932554393-92
auth-fail,93,401,4.168,auth-fail-timing-1788932554398-93
auth-fail,94,401,5.382,auth-fail-timing-1788932554403-94
auth-fail,95,401,5.405,auth-fail-timing-1788932554408-95
auth-fail,96,401,5.621,auth-fail-timing-1788932554414-96
auth-fail,97,401,5.420,auth-fail-timing-1788932554420-97
auth-fail,98,401,5.715,auth-fail-timing-1788932554425-98
auth-fail,99,401,5.564,auth-fail-timing-1788932554431-99
auth-fail,100,401,5.824,auth-fail-timing-1788932554437-100
auth-fail,101,401,5.926,auth-fail-timing-1788932554443-101
auth-fail,102,401,6.087,auth-fail-timing-1788932554449-102
auth-fail,103,401,5.638,auth-fail-timing-1788932554455-103
auth-fail,104,401,5.727,auth-fail-timing-1788932554461-104
auth-fail,105,401,5.618,auth-fail-timing-1788932554467-105
auth-fail,106,401,5.560,auth-fail-timing-1788932554473-106
auth-fail,107,401,5.615,auth-fail-timing-1788932554478-107
auth-fail,108,401,5.557,auth-fail-timing-1788932554484-108
auth-fail,109,401,5.701,auth-fail-timing-1788932554490-109
auth-fail,110,401,5.733,auth-fail-timing-1788932554496-110
auth-fail,111,401,4.670,auth-fail-timing-1788932554501-111
auth-fail,112,401,6.040,auth-fail-timing-1788932554506-112
auth-fail,113,401,4.800,auth-fail-timing-1788932554512-113
auth-fail,114,401,5.849,auth-fail-timing-1788932554517-114
auth-fail,115,401,5.774,auth-fail-timing-1788932554523-115
auth-fail,116,401,5.248,auth-fail-timing-1788932554529-116
auth-fail,117,401,5.344,auth-fail-timing-1788932554535-117
auth-fail,118,401,5.429,auth-fail-timing-1788932554540-118
auth-fail,119,401,5.456,auth-fail-timing-1788932554546-119
auth-fail,120,401,5.439,auth-fail-timing-1788932554551-120
auth-fail,121,401,5.517,auth-fail-timing-1788932554557-121
auth-fail,122,401,5.640,auth-fail-timing-1788932554563-122
auth-fail,123,401,5.593,auth-fail-timing-1788932554569-123
auth-fail,124,401,8.212,auth-fail-timing-1788932554574-124
auth-fail,125,401,5.694,auth-fail-timing-1788932554583-125
auth-fail,126,401,5.626,auth-fail-timing-1788932554589-126
auth-fail,127,401,5.823,auth-fail-timing-1788932554594-127
auth-fail,128,401,5.650,auth-fail-timing-1788932554600-128
auth-fail,129,401,5.687,auth-fail-timing-1788932554606-129
auth-fail,130,401,5.635,auth-fail-timing-1788932554612-130
auth-fail,131,401,5.950,auth-fail-timing-1788932554618-131
auth-fail,132,401,5.732,auth-fail-timing-1788932554624-132
auth-fail,133,401,5.643,auth-fail-timing-1788932554630-133
auth-fail,134,401,5.668,auth-fail-timing-1788932554636-134
auth-fail,135,401,5.776,auth-fail-timing-1788932554642-135
auth-fail,136,401,6.407,auth-fail-timing-1788932554647-136
auth-fail,137,401,7.323,auth-fail-timing-1788932554654-137
auth-fail,138,401,6.171,auth-fail-timing-1788932554662-138
auth-fail,139,401,5.414,auth-fail-timing-1788932554668-139
auth-fail,140,401,4.979,auth-fail-timing-1788932554674-140
auth-fail,141,401,4.731,auth-fail-timing-1788932554679-141
auth-fail,142,401,4.710,auth-fail-timing-1788932554684-142
auth-fail,143,401,63.950,auth-fail-timing-1788932554688-143
auth-fail,144,401,5.005,auth-fail-timing-1788932554753-144
auth-fail,145,401,4.585,auth-fail-timing-1788932554758-145
auth-fail,146,401,3.110,auth-fail-timing-1788932554762-146
auth-fail,147,401,4.367,auth-fail-timing-1788932554766-147
auth-fail,148,401,4.331,auth-fail-timing-1788932554770-148
auth-fail,149,401,5.458,auth-fail-timing-1788932554775-149
auth-fail,150,401,5.016,auth-fail-timing-1788932554780-150
auth-fail,151,401,5.019,auth-fail-timing-1788932554785-151
auth-fail,152,401,4.875,auth-fail-timing-1788932554791-152
auth-fail,153,401,4.337,auth-fail-timing-1788932554796-153
auth-fail,154,401,4.528,auth-fail-timing-1788932554800-154
auth-fail,155,401,4.469,auth-fail-timing-1788932554805-155
auth-fail,156,401,5.278,auth-fail-timing-1788932554809-156
auth-fail,157,401,5.399,auth-fail-timing-1788932554815-157
auth-fail,158,401,4.175,auth-fail-timing-1788932554820-158
auth-fail,159,401,6.157,auth-fail-timing-1788932554825-159
auth-fail,160,401,5.323,auth-fail-timing-1788932554831-160
auth-fail,161,401,5.445,auth-fail-timing-1788932554837-161
auth-fail,162,401,5.305,auth-fail-timing-1788932554842-162
auth-fail,163,401,5.542,auth-fail-timing-1788932554848-163
auth-fail,164,401,5.834,auth-fail-timing-1788932554853-164
auth-fail,165,401,6.221,auth-fail-timing-1788932554859-165
auth-fail,166,401,5.970,auth-fail-timing-1788932554866-166
auth-fail,167,401,6.001,auth-fail-timing-1788932554872-167
auth-fail,168,401,6.021,auth-fail-timing-1788932554878-168
auth-fail,169,401,5.342,auth-fail-timing-1788932554884-169
auth-fail,170,401,7.108,auth-fail-timing-1788932554890-170
auth-fail,171,401,6.165,auth-fail-timing-1788932554897-171
auth-fail,172,401,5.892,auth-fail-timing-1788932554903-172
auth-fail,173,401,5.772,auth-fail-timing-1788932554909-173
auth-fail,174,401,6.336,auth-fail-timing-1788932554915-174
auth-fail,175,401,5.873,auth-fail-timing-1788932554922-175
auth-fail,176,401,5.743,auth-fail-timing-1788932554928-176
auth-fail,177,401,5.773,auth-fail-timing-1788932554934-177
auth-fail,178,401,6.789,auth-fail-timing-1788932554940-178
auth-fail,179,401,5.151,auth-fail-timing-1788932554946-179
auth-fail,180,401,5.787,auth-fail-timing-1788932554952-180
auth-fail,181,401,5.694,auth-fail-timing-1788932554958-181
auth-fail,182,401,4.383,auth-fail-timing-1788932554963-182
auth-fail,183,401,5.530,auth-fail-timing-1788932554968-183
auth-fail,184,401,5.652,auth-fail-timing-1788932554974-184
auth-fail,185,401,4.415,auth-fail-timing-1788932554979-185
auth-fail,186,401,5.594,auth-fail-timing-1788932554984-186
auth-fail,187,401,6.566,auth-fail-timing-1788932554990-187
auth-fail,188,401,4.822,auth-fail-timing-1788932554996-188
auth-fail,189,401,5.301,auth-fail-timing-1788932555001-189
auth-fail,190,401,5.081,auth-fail-timing-1788932555007-190
auth-fail,191,401,4.979,auth-fail-timing-1788932555012-191
auth-fail,192,401,5.796,auth-fail-timing-1788932555017-192
auth-fail,193,401,5.230,auth-fail-timing-1788932555023-193
auth-fail,194,401,5.112,auth-fail-timing-1788932555028-194
auth-fail,195,401,5.233,auth-fail-timing-1788932555034-195
auth-fail,196,401,5.172,auth-fail-timing-1788932555039-196
auth-fail,197,401,5.128,auth-fail-timing-1788932555044-197
auth-fail,198,401,5.084,auth-fail-timing-1788932555050-198
auth-fail,199,401,5.156,auth-fail-timing-1788932555055-199
auth-fail,200,401,5.058,auth-fail-timing-1788932555060-200
auth-fail,201,401,3.798,auth-fail-timing-1788932555065-201
auth-fail,202,401,5.116,auth-fail-timing-1788932555069-202
auth-fail,203,401,5.436,auth-fail-timing-1788932555075-203
auth-fail,204,401,5.423,auth-fail-timing-1788932555080-204
auth-fail,205,401,5.752,auth-fail-timing-1788932555086-205
auth-fail,206,401,6.740,auth-fail-timing-1788932555092-206
auth-fail,207,401,5.495,auth-fail-timing-1788932555099-207
auth-fail,208,401,5.544,auth-fail-timing-1788932555105-208
auth-fail,209,401,4.352,auth-fail-timing-1788932555110-209
auth-fail,210,401,5.451,auth-fail-timing-1788932555115-210
auth-fail,211,401,5.548,auth-fail-timing-1788932555121-211
auth-fail,212,401,4.255,auth-fail-timing-1788932555126-212
auth-fail,213,401,5.835,auth-fail-timing-1788932555131-213
auth-fail,214,401,5.971,auth-fail-timing-1788932555137-214
auth-fail,215,401,5.767,auth-fail-timing-1788932555143-215
auth-fail,216,401,5.732,auth-fail-timing-1788932555149-216
auth-fail,217,401,5.857,auth-fail-timing-1788932555155-217
auth-fail,218,401,6.169,auth-fail-timing-1788932555161-218
auth-fail,219,401,6.426,auth-fail-timing-1788932555167-219
auth-fail,220,401,6.649,auth-fail-timing-1788932555174-220
auth-fail,221,401,6.150,auth-fail-timing-1788932555181-221
auth-fail,222,401,6.955,auth-fail-timing-1788932555187-222
auth-fail,223,401,6.413,auth-fail-timing-1788932555195-223
auth-fail,224,401,6.185,auth-fail-timing-1788932555201-224
auth-fail,225,401,6.184,auth-fail-timing-1788932555208-225
auth-fail,226,401,7.264,auth-fail-timing-1788932555214-226
auth-fail,227,401,5.916,auth-fail-timing-1788932555221-227
auth-fail,228,401,5.942,auth-fail-timing-1788932555228-228
auth-fail,229,401,5.965,auth-fail-timing-1788932555234-229
auth-fail,230,401,5.831,auth-fail-timing-1788932555240-230
auth-fail,231,401,5.919,auth-fail-timing-1788932555246-231
auth-fail,232,401,5.971,auth-fail-timing-1788932555252-232
auth-fail,233,401,6.086,auth-fail-timing-1788932555258-233
auth-fail,234,401,6.303,auth-fail-timing-1788932555265-234
auth-fail,235,401,6.812,auth-fail-timing-1788932555271-235
auth-fail,236,401,6.267,auth-fail-timing-1788932555278-236
auth-fail,237,401,6.221,auth-fail-timing-1788932555285-237
auth-fail,238,401,5.828,auth-fail-timing-1788932555291-238
auth-fail,239,401,5.927,auth-fail-timing-1788932555297-239
auth-fail,240,401,6.457,auth-fail-timing-1788932555303-240
auth-fail,241,401,6.212,auth-fail-timing-1788932555310-241
auth-fail,242,401,6.175,auth-fail-timing-1788932555316-242
auth-fail,243,401,6.305,auth-fail-timing-1788932555323-243
auth-fail,244,401,6.194,auth-fail-timing-1788932555329-244
auth-fail,245,401,6.023,auth-fail-timing-1788932555336-245
auth-fail,246,401,6.485,auth-fail-timing-1788932555342-246
auth-fail,247,401,6.253,auth-fail-timing-1788932555348-247
auth-fail,248,401,6.484,auth-fail-timing-1788932555355-248
auth-fail,249,401,5.983,auth-fail-timing-1788932555362-249
auth-fail,250,401,7.027,auth-fail-timing-1788932555368-250
auth-fail,251,401,4.776,auth-fail-timing-1788932555375-251
auth-fail,252,401,5.864,auth-fail-timing-1788932555380-252
auth-fail,253,401,5.796,auth-fail-timing-1788932555386-253
auth-fail,254,401,6.231,auth-fail-timing-1788932555392-254
auth-fail,255,401,6.889,auth-fail-timing-1788932555399-255
auth-fail,256,401,7.187,auth-fail-timing-1788932555406-256
auth-fail,257,401,6.218,auth-fail-timing-1788932555413-257
auth-fail,258,401,6.073,auth-fail-timing-1788932555420-258
auth-fail,259,401,5.963,auth-fail-timing-1788932555426-259
auth-fail,260,401,5.821,auth-fail-timing-1788932555432-260
auth-fail,261,401,5.353,auth-fail-timing-1788932555438-261
auth-fail,262,401,5.797,auth-fail-timing-1788932555443-262
auth-fail,263,401,5.885,auth-fail-timing-1788932555449-263
auth-fail,264,401,7.038,auth-fail-timing-1788932555455-264
auth-fail,265,401,5.890,auth-fail-timing-1788932555463-265
auth-fail,266,401,5.900,auth-fail-timing-1788932555469-266
auth-fail,267,401,6.056,auth-fail-timing-1788932555475-267
auth-fail,268,401,5.772,auth-fail-timing-1788932555481-268
auth-fail,269,401,6.868,auth-fail-timing-1788932555487-269
auth-fail,270,401,6.342,auth-fail-timing-1788932555494-270
auth-fail,271,401,6.111,auth-fail-timing-1788932555501-271
auth-fail,272,401,5.958,auth-fail-timing-1788932555507-272
auth-fail,273,401,6.638,auth-fail-timing-1788932555513-273
auth-fail,274,401,6.880,auth-fail-timing-1788932555520-274
auth-fail,275,401,6.376,auth-fail-timing-1788932555527-275
auth-fail,276,401,5.975,auth-fail-timing-1788932555534-276
auth-fail,277,401,5.981,auth-fail-timing-1788932555540-277
auth-fail,278,401,5.969,auth-fail-timing-1788932555546-278
auth-fail,279,401,6.129,auth-fail-timing-1788932555552-279
auth-fail,280,401,4.854,auth-fail-timing-1788932555558-280
auth-fail,281,401,5.874,auth-fail-timing-1788932555563-281
auth-fail,282,401,7.401,auth-fail-timing-1788932555569-282
auth-fail,283,401,6.022,auth-fail-timing-1788932555577-283
auth-fail,284,401,5.482,auth-fail-timing-1788932555583-284
auth-fail,285,401,5.722,auth-fail-timing-1788932555589-285
auth-fail,286,401,6.391,auth-fail-timing-1788932555595-286
auth-fail,287,401,8.301,auth-fail-timing-1788932555602-287
auth-fail,288,401,6.818,auth-fail-timing-1788932555610-288
auth-fail,289,401,6.180,auth-fail-timing-1788932555617-289
auth-fail,290,401,5.937,auth-fail-timing-1788932555623-290
auth-fail,291,401,6.337,auth-fail-timing-1788932555630-291
auth-fail,292,401,5.754,auth-fail-timing-1788932555636-292
auth-fail,293,401,5.672,auth-fail-timing-1788932555642-293
auth-fail,294,401,5.717,auth-fail-timing-1788932555648-294
auth-fail,295,401,5.717,auth-fail-timing-1788932555654-295
auth-fail,296,401,5.772,auth-fail-timing-1788932555660-296
auth-fail,297,401,5.736,auth-fail-timing-1788932555666-297
auth-fail,298,401,5.710,auth-fail-timing-1788932555672-298
auth-fail,299,401,5.702,auth-fail-timing-1788932555677-299
decode-reject,0,400,5.326,decode-reject-timing-1788932555683-0
decode-reject,1,400,4.918,decode-reject-timing-1788932555690-1
decode-reject,2,400,4.573,decode-reject-timing-1788932555695-2
decode-reject,3,400,4.427,decode-reject-timing-1788932555700-3
decode-reject,4,400,4.235,decode-reject-timing-1788932555704-4
decode-reject,5,400,4.478,decode-reject-timing-1788932555709-5
decode-reject,6,400,4.496,decode-reject-timing-1788932555713-6
decode-reject,7,400,4.436,decode-reject-timing-1788932555718-7
decode-reject,8,400,4.126,decode-reject-timing-1788932555723-8
decode-reject,9,400,4.063,decode-reject-timing-1788932555727-9
decode-reject,10,400,4.013,decode-reject-timing-1788932555731-10
decode-reject,11,400,4.437,decode-reject-timing-1788932555736-11
decode-reject,12,400,3.254,decode-reject-timing-1788932555740-12
decode-reject,13,400,5.162,decode-reject-timing-1788932555744-13
decode-reject,14,400,4.377,decode-reject-timing-1788932555749-14
decode-reject,15,400,4.551,decode-reject-timing-1788932555754-15
decode-reject,16,400,4.299,decode-reject-timing-1788932555759-16
decode-reject,17,400,6.856,decode-reject-timing-1788932555763-17
decode-reject,18,400,4.881,decode-reject-timing-1788932555770-18
decode-reject,19,400,4.464,decode-reject-timing-1788932555775-19
decode-reject,20,400,3.690,decode-reject-timing-1788932555780-20
decode-reject,21,400,3.462,decode-reject-timing-1788932555784-21
decode-reject,22,400,2.495,decode-reject-timing-1788932555787-22
decode-reject,23,400,3.468,decode-reject-timing-1788932555790-23
decode-reject,24,400,3.592,decode-reject-timing-1788932555794-24
decode-reject,25,400,3.603,decode-reject-timing-1788932555798-25
decode-reject,26,400,3.654,decode-reject-timing-1788932555801-26
decode-reject,27,400,8.153,decode-reject-timing-1788932555805-27
decode-reject,28,400,3.127,decode-reject-timing-1788932555813-28
decode-reject,29,400,3.076,decode-reject-timing-1788932555817-29
decode-reject,30,400,3.025,decode-reject-timing-1788932555820-30
decode-reject,31,400,3.099,decode-reject-timing-1788932555823-31
decode-reject,32,400,3.276,decode-reject-timing-1788932555827-32
decode-reject,33,400,3.207,decode-reject-timing-1788932555830-33
decode-reject,34,400,1.926,decode-reject-timing-1788932555833-34
decode-reject,35,400,3.082,decode-reject-timing-1788932555835-35
decode-reject,36,400,3.178,decode-reject-timing-1788932555839-36
decode-reject,37,400,3.392,decode-reject-timing-1788932555842-37
decode-reject,38,400,3.214,decode-reject-timing-1788932555846-38
decode-reject,39,400,3.081,decode-reject-timing-1788932555849-39
decode-reject,40,400,3.035,decode-reject-timing-1788932555852-40
decode-reject,41,400,3.040,decode-reject-timing-1788932555855-41
decode-reject,42,400,3.184,decode-reject-timing-1788932555859-42
decode-reject,43,400,3.080,decode-reject-timing-1788932555862-43
decode-reject,44,400,3.247,decode-reject-timing-1788932555865-44
decode-reject,45,400,3.286,decode-reject-timing-1788932555869-45
decode-reject,46,400,3.203,decode-reject-timing-1788932555872-46
decode-reject,47,400,3.164,decode-reject-timing-1788932555876-47
decode-reject,48,400,3.146,decode-reject-timing-1788932555879-48
decode-reject,49,400,3.184,decode-reject-timing-1788932555882-49
decode-reject,50,400,3.279,decode-reject-timing-1788932555886-50
decode-reject,51,400,3.138,decode-reject-timing-1788932555889-51
decode-reject,52,400,2.395,decode-reject-timing-1788932555892-52
decode-reject,53,400,3.373,decode-reject-timing-1788932555895-53
decode-reject,54,400,3.496,decode-reject-timing-1788932555899-54
decode-reject,55,400,4.005,decode-reject-timing-1788932555902-55
decode-reject,56,400,3.257,decode-reject-timing-1788932555906-56
decode-reject,57,400,4.339,decode-reject-timing-1788932555910-57
decode-reject,58,400,3.816,decode-reject-timing-1788932555914-58
decode-reject,59,400,3.698,decode-reject-timing-1788932555918-59
decode-reject,60,400,4.295,decode-reject-timing-1788932555922-60
decode-reject,61,400,4.214,decode-reject-timing-1788932555927-61
decode-reject,62,400,4.161,decode-reject-timing-1788932555931-62
decode-reject,63,400,4.182,decode-reject-timing-1788932555935-63
decode-reject,64,400,4.041,decode-reject-timing-1788932555940-64
decode-reject,65,400,4.205,decode-reject-timing-1788932555944-65
decode-reject,66,400,4.359,decode-reject-timing-1788932555949-66
decode-reject,67,400,3.193,decode-reject-timing-1788932555953-67
decode-reject,68,400,3.130,decode-reject-timing-1788932555956-68
decode-reject,69,400,3.052,decode-reject-timing-1788932555960-69
decode-reject,70,400,3.055,decode-reject-timing-1788932555963-70
decode-reject,71,400,3.815,decode-reject-timing-1788932555966-71
decode-reject,72,400,3.882,decode-reject-timing-1788932555970-72
decode-reject,73,400,3.959,decode-reject-timing-1788932555974-73
decode-reject,74,400,2.807,decode-reject-timing-1788932555978-74
decode-reject,75,400,4.111,decode-reject-timing-1788932555981-75
decode-reject,76,400,4.222,decode-reject-timing-1788932555986-76
decode-reject,77,400,4.180,decode-reject-timing-1788932555990-77
decode-reject,78,400,4.673,decode-reject-timing-1788932555994-78
decode-reject,79,400,3.050,decode-reject-timing-1788932555999-79
decode-reject,80,400,4.348,decode-reject-timing-1788932556003-80
decode-reject,81,400,4.389,decode-reject-timing-1788932556007-81
decode-reject,82,400,4.160,decode-reject-timing-1788932556012-82
decode-reject,83,400,4.101,decode-reject-timing-1788932556016-83
decode-reject,84,400,3.456,decode-reject-timing-1788932556020-84
decode-reject,85,400,4.174,decode-reject-timing-1788932556024-85
decode-reject,86,400,3.077,decode-reject-timing-1788932556028-86
decode-reject,87,400,4.166,decode-reject-timing-1788932556032-87
decode-reject,88,400,4.124,decode-reject-timing-1788932556036-88
decode-reject,89,400,4.230,decode-reject-timing-1788932556040-89
decode-reject,90,400,4.242,decode-reject-timing-1788932556045-90
decode-reject,91,400,4.278,decode-reject-timing-1788932556049-91
decode-reject,92,400,4.521,decode-reject-timing-1788932556054-92
decode-reject,93,400,3.804,decode-reject-timing-1788932556058-93
decode-reject,94,400,5.192,decode-reject-timing-1788932556062-94
decode-reject,95,400,4.625,decode-reject-timing-1788932556068-95
decode-reject,96,400,6.752,decode-reject-timing-1788932556073-96
decode-reject,97,400,4.104,decode-reject-timing-1788932556079-97
decode-reject,98,400,3.968,decode-reject-timing-1788932556084-98
decode-reject,99,400,3.838,decode-reject-timing-1788932556088-99
decode-reject,100,400,3.910,decode-reject-timing-1788932556092-100
decode-reject,101,400,3.874,decode-reject-timing-1788932556096-101
decode-reject,102,400,3.851,decode-reject-timing-1788932556100-102
decode-reject,103,400,3.859,decode-reject-timing-1788932556104-103
decode-reject,104,400,4.236,decode-reject-timing-1788932556108-104
decode-reject,105,400,4.195,decode-reject-timing-1788932556113-105
decode-reject,106,400,3.883,decode-reject-timing-1788932556117-106
decode-reject,107,400,3.874,decode-reject-timing-1788932556121-107
decode-reject,108,400,4.076,decode-reject-timing-1788932556125-108
decode-reject,109,400,4.154,decode-reject-timing-1788932556129-109
decode-reject,110,400,4.773,decode-reject-timing-1788932556134-110
decode-reject,111,400,4.438,decode-reject-timing-1788932556139-111
decode-reject,112,400,3.992,decode-reject-timing-1788932556144-112
decode-reject,113,400,4.293,decode-reject-timing-1788932556148-113
decode-reject,114,400,4.380,decode-reject-timing-1788932556152-114
decode-reject,115,400,4.224,decode-reject-timing-1788932556157-115
decode-reject,116,400,4.876,decode-reject-timing-1788932556161-116
decode-reject,117,400,4.333,decode-reject-timing-1788932556166-117
decode-reject,118,400,3.874,decode-reject-timing-1788932556171-118
decode-reject,119,400,4.348,decode-reject-timing-1788932556175-119
decode-reject,120,400,3.794,decode-reject-timing-1788932556179-120
decode-reject,121,400,2.744,decode-reject-timing-1788932556183-121
decode-reject,122,400,3.845,decode-reject-timing-1788932556186-122
decode-reject,123,400,2.720,decode-reject-timing-1788932556190-123
decode-reject,124,400,3.970,decode-reject-timing-1788932556193-124
decode-reject,125,400,4.340,decode-reject-timing-1788932556197-125
decode-reject,126,400,4.091,decode-reject-timing-1788932556202-126
decode-reject,127,400,4.395,decode-reject-timing-1788932556206-127
decode-reject,128,400,3.845,decode-reject-timing-1788932556211-128
decode-reject,129,400,3.829,decode-reject-timing-1788932556215-129
decode-reject,130,400,3.876,decode-reject-timing-1788932556219-130
decode-reject,131,400,3.958,decode-reject-timing-1788932556223-131
decode-reject,132,400,3.882,decode-reject-timing-1788932556227-132
decode-reject,133,400,3.851,decode-reject-timing-1788932556231-133
decode-reject,134,400,3.965,decode-reject-timing-1788932556235-134
decode-reject,135,400,2.933,decode-reject-timing-1788932556239-135
decode-reject,136,400,4.106,decode-reject-timing-1788932556242-136
decode-reject,137,400,4.044,decode-reject-timing-1788932556247-137
decode-reject,138,400,4.254,decode-reject-timing-1788932556251-138
decode-reject,139,400,4.546,decode-reject-timing-1788932556255-139
decode-reject,140,400,4.349,decode-reject-timing-1788932556260-140
decode-reject,141,400,4.299,decode-reject-timing-1788932556265-141
decode-reject,142,400,5.446,decode-reject-timing-1788932556269-142
decode-reject,143,400,4.481,decode-reject-timing-1788932556275-143
decode-reject,144,400,4.415,decode-reject-timing-1788932556280-144
decode-reject,145,400,4.346,decode-reject-timing-1788932556284-145
decode-reject,146,400,4.452,decode-reject-timing-1788932556289-146
decode-reject,147,400,4.370,decode-reject-timing-1788932556293-147
decode-reject,148,400,4.317,decode-reject-timing-1788932556298-148
decode-reject,149,400,4.655,decode-reject-timing-1788932556302-149
decode-reject,150,400,4.330,decode-reject-timing-1788932556307-150
decode-reject,151,400,8.096,decode-reject-timing-1788932556312-151
decode-reject,152,400,4.780,decode-reject-timing-1788932556320-152
decode-reject,153,400,4.426,decode-reject-timing-1788932556325-153
decode-reject,154,400,3.914,decode-reject-timing-1788932556330-154
decode-reject,155,400,3.832,decode-reject-timing-1788932556334-155
decode-reject,156,400,3.817,decode-reject-timing-1788932556338-156
decode-reject,157,400,3.755,decode-reject-timing-1788932556342-157
decode-reject,158,400,3.721,decode-reject-timing-1788932556346-158
decode-reject,159,400,2.475,decode-reject-timing-1788932556349-159
decode-reject,160,400,3.598,decode-reject-timing-1788932556352-160
decode-reject,161,400,3.792,decode-reject-timing-1788932556356-161
decode-reject,162,400,4.998,decode-reject-timing-1788932556360-162
decode-reject,163,400,4.215,decode-reject-timing-1788932556365-163
decode-reject,164,400,4.490,decode-reject-timing-1788932556369-164
decode-reject,165,400,4.572,decode-reject-timing-1788932556374-165
decode-reject,166,400,4.337,decode-reject-timing-1788932556379-166
decode-reject,167,400,4.278,decode-reject-timing-1788932556383-167
decode-reject,168,400,4.388,decode-reject-timing-1788932556388-168
decode-reject,169,400,3.740,decode-reject-timing-1788932556392-169
decode-reject,170,400,3.866,decode-reject-timing-1788932556396-170
decode-reject,171,400,3.850,decode-reject-timing-1788932556400-171
decode-reject,172,400,3.993,decode-reject-timing-1788932556404-172
decode-reject,173,400,3.899,decode-reject-timing-1788932556408-173
decode-reject,174,400,3.499,decode-reject-timing-1788932556412-174
decode-reject,175,400,3.159,decode-reject-timing-1788932556416-175
decode-reject,176,400,3.010,decode-reject-timing-1788932556419-176
decode-reject,177,400,4.748,decode-reject-timing-1788932556422-177
decode-reject,178,400,3.473,decode-reject-timing-1788932556427-178
decode-reject,179,400,3.914,decode-reject-timing-1788932556430-179
decode-reject,180,400,4.000,decode-reject-timing-1788932556434-180
decode-reject,181,400,3.834,decode-reject-timing-1788932556438-181
decode-reject,182,400,3.880,decode-reject-timing-1788932556442-182
decode-reject,183,400,3.951,decode-reject-timing-1788932556446-183
decode-reject,184,400,4.297,decode-reject-timing-1788932556450-184
decode-reject,185,400,3.956,decode-reject-timing-1788932556455-185
decode-reject,186,400,3.915,decode-reject-timing-1788932556459-186
decode-reject,187,400,5.494,decode-reject-timing-1788932556463-187
decode-reject,188,400,3.924,decode-reject-timing-1788932556468-188
decode-reject,189,400,4.216,decode-reject-timing-1788932556472-189
decode-reject,190,400,5.135,decode-reject-timing-1788932556477-190
decode-reject,191,400,8.354,decode-reject-timing-1788932556482-191
decode-reject,192,400,4.066,decode-reject-timing-1788932556490-192
decode-reject,193,400,3.849,decode-reject-timing-1788932556494-193
decode-reject,194,400,3.876,decode-reject-timing-1788932556498-194
decode-reject,195,400,3.912,decode-reject-timing-1788932556502-195
decode-reject,196,400,4.073,decode-reject-timing-1788932556506-196
decode-reject,197,400,5.376,decode-reject-timing-1788932556511-197
decode-reject,198,400,3.777,decode-reject-timing-1788932556516-198
decode-reject,199,400,3.619,decode-reject-timing-1788932556520-199
decode-reject,200,400,3.724,decode-reject-timing-1788932556524-200
decode-reject,201,400,3.820,decode-reject-timing-1788932556528-201
decode-reject,202,400,3.926,decode-reject-timing-1788932556532-202
decode-reject,203,400,3.934,decode-reject-timing-1788932556536-203
decode-reject,204,400,3.842,decode-reject-timing-1788932556540-204
decode-reject,205,400,3.908,decode-reject-timing-1788932556544-205
decode-reject,206,400,5.649,decode-reject-timing-1788932556548-206
decode-reject,207,400,4.576,decode-reject-timing-1788932556554-207
decode-reject,208,400,4.562,decode-reject-timing-1788932556559-208
decode-reject,209,400,4.712,decode-reject-timing-1788932556564-209
decode-reject,210,400,8.824,decode-reject-timing-1788932556568-210
decode-reject,211,400,4.960,decode-reject-timing-1788932556580-211
decode-reject,212,400,6.484,decode-reject-timing-1788932556585-212
decode-reject,213,400,4.682,decode-reject-timing-1788932556592-213
decode-reject,214,400,3.997,decode-reject-timing-1788932556597-214
decode-reject,215,400,3.939,decode-reject-timing-1788932556601-215
decode-reject,216,400,4.496,decode-reject-timing-1788932556605-216
decode-reject,217,400,4.015,decode-reject-timing-1788932556610-217
decode-reject,218,400,4.009,decode-reject-timing-1788932556614-218
decode-reject,219,400,3.918,decode-reject-timing-1788932556618-219
decode-reject,220,400,3.969,decode-reject-timing-1788932556622-220
decode-reject,221,400,3.980,decode-reject-timing-1788932556626-221
decode-reject,222,400,3.792,decode-reject-timing-1788932556630-222
decode-reject,223,400,3.660,decode-reject-timing-1788932556634-223
decode-reject,224,400,3.863,decode-reject-timing-1788932556638-224
decode-reject,225,400,3.738,decode-reject-timing-1788932556642-225
decode-reject,226,400,3.680,decode-reject-timing-1788932556646-226
decode-reject,227,400,3.768,decode-reject-timing-1788932556650-227
decode-reject,228,400,3.753,decode-reject-timing-1788932556654-228
decode-reject,229,400,3.826,decode-reject-timing-1788932556658-229
decode-reject,230,400,3.818,decode-reject-timing-1788932556662-230
decode-reject,231,400,3.809,decode-reject-timing-1788932556666-231
decode-reject,232,400,3.782,decode-reject-timing-1788932556670-232
decode-reject,233,400,3.873,decode-reject-timing-1788932556673-233
decode-reject,234,400,4.537,decode-reject-timing-1788932556678-234
decode-reject,235,400,3.855,decode-reject-timing-1788932556682-235
decode-reject,236,400,3.792,decode-reject-timing-1788932556686-236
decode-reject,237,400,3.876,decode-reject-timing-1788932556690-237
decode-reject,238,400,2.699,decode-reject-timing-1788932556694-238
decode-reject,239,400,3.917,decode-reject-timing-1788932556697-239
decode-reject,240,400,3.513,decode-reject-timing-1788932556701-240
decode-reject,241,400,3.192,decode-reject-timing-1788932556705-241
decode-reject,242,400,2.036,decode-reject-timing-1788932556708-242
decode-reject,243,400,3.178,decode-reject-timing-1788932556711-243
decode-reject,244,400,3.078,decode-reject-timing-1788932556714-244
decode-reject,245,400,3.027,decode-reject-timing-1788932556717-245
decode-reject,246,400,3.111,decode-reject-timing-1788932556720-246
decode-reject,247,400,3.090,decode-reject-timing-1788932556724-247
decode-reject,248,400,3.058,decode-reject-timing-1788932556727-248
decode-reject,249,400,3.098,decode-reject-timing-1788932556730-249
decode-reject,250,400,3.289,decode-reject-timing-1788932556734-250
decode-reject,251,400,3.394,decode-reject-timing-1788932556737-251
decode-reject,252,400,3.139,decode-reject-timing-1788932556741-252
decode-reject,253,400,4.106,decode-reject-timing-1788932556744-253
decode-reject,254,400,4.416,decode-reject-timing-1788932556748-254
decode-reject,255,400,3.868,decode-reject-timing-1788932556753-255
decode-reject,256,400,3.879,decode-reject-timing-1788932556757-256
decode-reject,257,400,3.827,decode-reject-timing-1788932556761-257
decode-reject,258,400,3.883,decode-reject-timing-1788932556765-258
decode-reject,259,400,5.195,decode-reject-timing-1788932556769-259
decode-reject,260,400,4.775,decode-reject-timing-1788932556775-260
decode-reject,261,400,4.042,decode-reject-timing-1788932556780-261
decode-reject,262,400,4.073,decode-reject-timing-1788932556784-262
decode-reject,263,400,2.917,decode-reject-timing-1788932556788-263
decode-reject,264,400,5.491,decode-reject-timing-1788932556791-264
decode-reject,265,400,3.868,decode-reject-timing-1788932556797-265
decode-reject,266,400,3.760,decode-reject-timing-1788932556801-266
decode-reject,267,400,3.585,decode-reject-timing-1788932556805-267
decode-reject,268,400,3.598,decode-reject-timing-1788932556809-268
decode-reject,269,400,4.047,decode-reject-timing-1788932556813-269
decode-reject,270,400,3.892,decode-reject-timing-1788932556817-270
decode-reject,271,400,3.827,decode-reject-timing-1788932556821-271
decode-reject,272,400,3.545,decode-reject-timing-1788932556825-272
decode-reject,273,400,3.516,decode-reject-timing-1788932556829-273
decode-reject,274,400,3.732,decode-reject-timing-1788932556833-274
decode-reject,275,400,3.938,decode-reject-timing-1788932556837-275
decode-reject,276,400,4.199,decode-reject-timing-1788932556841-276
decode-reject,277,400,4.313,decode-reject-timing-1788932556845-277
decode-reject,278,400,4.041,decode-reject-timing-1788932556850-278
decode-reject,279,400,4.268,decode-reject-timing-1788932556854-279
decode-reject,280,400,4.293,decode-reject-timing-1788932556858-280
decode-reject,281,400,4.453,decode-reject-timing-1788932556863-281
decode-reject,282,400,4.380,decode-reject-timing-1788932556867-282
decode-reject,283,400,4.295,decode-reject-timing-1788932556872-283
decode-reject,284,400,4.442,decode-reject-timing-1788932556877-284
decode-reject,285,400,4.294,decode-reject-timing-1788932556881-285
decode-reject,286,400,4.069,decode-reject-timing-1788932556886-286
decode-reject,287,400,4.591,decode-reject-timing-1788932556890-287
decode-reject,288,400,6.182,decode-reject-timing-1788932556895-288
decode-reject,289,400,4.297,decode-reject-timing-1788932556901-289
decode-reject,290,400,4.665,decode-reject-timing-1788932556906-290
decode-reject,291,400,3.277,decode-reject-timing-1788932556910-291
decode-reject,292,400,4.441,decode-reject-timing-1788932556914-292
decode-reject,293,400,3.531,decode-reject-timing-1788932556918-293
decode-reject,294,400,3.693,decode-reject-timing-1788932556922-294
decode-reject,295,400,3.865,decode-reject-timing-1788932556926-295
decode-reject,296,400,3.619,decode-reject-timing-1788932556930-296
decode-reject,297,400,3.328,decode-reject-timing-1788932556934-297
decode-reject,298,400,3.566,decode-reject-timing-1788932556937-298
decode-reject,299,400,3.397,decode-reject-timing-1788932556941-299
routable-product,0,202,7.939,routable-product-timing-1788932556945-0
routable-product,1,202,6.705,routable-product-timing-1788932556953-1
routable-product,2,202,7.025,routable-product-timing-1788932556960-2
routable-product,3,202,6.722,routable-product-timing-1788932556967-3
routable-product,4,202,6.589,routable-product-timing-1788932556974-4
routable-product,5,202,6.855,routable-product-timing-1788932556981-5
routable-product,6,202,6.839,routable-product-timing-1788932556988-6
routable-product,7,202,7.227,routable-product-timing-1788932556995-7
routable-product,8,202,5.323,routable-product-timing-1788932557002-8
routable-product,9,202,6.152,routable-product-timing-1788932557008-9
routable-product,10,202,5.971,routable-product-timing-1788932557014-10
routable-product,11,202,4.904,routable-product-timing-1788932557020-11
routable-product,12,202,6.673,routable-product-timing-1788932557025-12
routable-product,13,202,5.327,routable-product-timing-1788932557032-13
routable-product,14,202,6.185,routable-product-timing-1788932557038-14
routable-product,15,202,8.082,routable-product-timing-1788932557044-15
routable-product,16,202,6.101,routable-product-timing-1788932557053-16
routable-product,17,202,5.773,routable-product-timing-1788932557059-17
routable-product,18,202,6.147,routable-product-timing-1788932557065-18
routable-product,19,202,6.291,routable-product-timing-1788932557071-19
routable-product,20,202,8.032,routable-product-timing-1788932557078-20
routable-product,21,202,5.732,routable-product-timing-1788932557086-21
routable-product,22,202,5.915,routable-product-timing-1788932557092-22
routable-product,23,202,5.705,routable-product-timing-1788932557098-23
routable-product,24,202,6.057,routable-product-timing-1788932557104-24
routable-product,25,202,7.109,routable-product-timing-1788932557110-25
routable-product,26,202,6.481,routable-product-timing-1788932557117-26
routable-product,27,202,7.384,routable-product-timing-1788932557124-27
routable-product,28,202,4.606,routable-product-timing-1788932557131-28
routable-product,29,202,5.700,routable-product-timing-1788932557136-29
routable-product,30,202,6.147,routable-product-timing-1788932557142-30
routable-product,31,202,5.692,routable-product-timing-1788932557148-31
routable-product,32,202,5.922,routable-product-timing-1788932557154-32
routable-product,33,202,10.678,routable-product-timing-1788932557160-33
routable-product,34,202,10.108,routable-product-timing-1788932557171-34
routable-product,35,202,8.099,routable-product-timing-1788932557181-35
routable-product,36,202,8.016,routable-product-timing-1788932557190-36
routable-product,37,202,7.598,routable-product-timing-1788932557198-37
routable-product,38,202,8.254,routable-product-timing-1788932557206-38
routable-product,39,202,11.590,routable-product-timing-1788932557214-39
routable-product,40,202,11.295,routable-product-timing-1788932557226-40
routable-product,41,202,8.184,routable-product-timing-1788932557237-41
routable-product,42,202,7.256,routable-product-timing-1788932557246-42
routable-product,43,202,7.156,routable-product-timing-1788932557253-43
routable-product,44,202,7.117,routable-product-timing-1788932557260-44
routable-product,45,202,7.140,routable-product-timing-1788932557268-45
routable-product,46,202,7.123,routable-product-timing-1788932557275-46
routable-product,47,202,7.314,routable-product-timing-1788932557282-47
routable-product,48,202,7.435,routable-product-timing-1788932557290-48
routable-product,49,202,7.839,routable-product-timing-1788932557297-49
routable-product,50,202,7.924,routable-product-timing-1788932557305-50
routable-product,51,202,7.635,routable-product-timing-1788932557313-51
routable-product,52,202,7.384,routable-product-timing-1788932557321-52
routable-product,53,202,7.640,routable-product-timing-1788932557329-53
routable-product,54,202,7.690,routable-product-timing-1788932557337-54
routable-product,55,202,8.379,routable-product-timing-1788932557344-55
routable-product,56,202,7.519,routable-product-timing-1788932557353-56
routable-product,57,202,7.797,routable-product-timing-1788932557361-57
routable-product,58,202,7.819,routable-product-timing-1788932557369-58
routable-product,59,202,9.903,routable-product-timing-1788932557377-59
routable-product,60,202,7.428,routable-product-timing-1788932557387-60
routable-product,61,202,7.261,routable-product-timing-1788932557394-61
routable-product,62,202,6.356,routable-product-timing-1788932557402-62
routable-product,63,202,7.647,routable-product-timing-1788932557408-63
routable-product,64,202,7.167,routable-product-timing-1788932557416-64
routable-product,65,202,7.275,routable-product-timing-1788932557423-65
routable-product,66,202,7.949,routable-product-timing-1788932557431-66
routable-product,67,202,7.042,routable-product-timing-1788932557439-67
routable-product,68,202,7.297,routable-product-timing-1788932557446-68
routable-product,69,202,7.080,routable-product-timing-1788932557454-69
routable-product,70,202,7.056,routable-product-timing-1788932557461-70
routable-product,71,202,6.955,routable-product-timing-1788932557468-71
routable-product,72,202,7.033,routable-product-timing-1788932557475-72
routable-product,73,202,7.732,routable-product-timing-1788932557483-73
routable-product,74,202,8.010,routable-product-timing-1788932557490-74
routable-product,75,202,8.202,routable-product-timing-1788932557499-75
routable-product,76,202,8.193,routable-product-timing-1788932557507-76
routable-product,77,202,6.939,routable-product-timing-1788932557515-77
routable-product,78,202,7.635,routable-product-timing-1788932557523-78
routable-product,79,202,6.424,routable-product-timing-1788932557530-79
routable-product,80,202,7.100,routable-product-timing-1788932557537-80
routable-product,81,202,7.114,routable-product-timing-1788932557544-81
routable-product,82,202,7.108,routable-product-timing-1788932557552-82
routable-product,83,202,8.871,routable-product-timing-1788932557559-83
routable-product,84,202,7.215,routable-product-timing-1788932557568-84
routable-product,85,202,5.943,routable-product-timing-1788932557575-85
routable-product,86,202,6.910,routable-product-timing-1788932557581-86
routable-product,87,202,6.852,routable-product-timing-1788932557589-87
routable-product,88,202,7.425,routable-product-timing-1788932557596-88
routable-product,89,202,8.272,routable-product-timing-1788932557603-89
routable-product,90,202,10.016,routable-product-timing-1788932557612-90
routable-product,91,202,9.584,routable-product-timing-1788932557622-91
routable-product,92,202,7.348,routable-product-timing-1788932557632-92
routable-product,93,202,7.123,routable-product-timing-1788932557639-93
routable-product,94,202,7.104,routable-product-timing-1788932557646-94
routable-product,95,202,7.413,routable-product-timing-1788932557654-95
routable-product,96,202,7.410,routable-product-timing-1788932557661-96
routable-product,97,202,7.483,routable-product-timing-1788932557669-97
routable-product,98,202,10.129,routable-product-timing-1788932557676-98
routable-product,99,202,14.061,routable-product-timing-1788932557687-99
routable-product,100,202,7.413,routable-product-timing-1788932557701-100
routable-product,101,202,9.243,routable-product-timing-1788932557708-101
routable-product,102,202,8.172,routable-product-timing-1788932557718-102
routable-product,103,202,8.044,routable-product-timing-1788932557726-103
routable-product,104,202,7.814,routable-product-timing-1788932557734-104
routable-product,105,202,7.975,routable-product-timing-1788932557742-105
routable-product,106,202,8.090,routable-product-timing-1788932557751-106
routable-product,107,202,7.275,routable-product-timing-1788932557759-107
routable-product,108,202,6.050,routable-product-timing-1788932557766-108
routable-product,109,202,7.961,routable-product-timing-1788932557773-109
routable-product,110,202,9.045,routable-product-timing-1788932557781-110
routable-product,111,202,9.133,routable-product-timing-1788932557790-111
routable-product,112,202,8.680,routable-product-timing-1788932557799-112
routable-product,113,202,8.253,routable-product-timing-1788932557808-113
routable-product,114,202,11.663,routable-product-timing-1788932557817-114
routable-product,115,202,6.696,routable-product-timing-1788932557829-115
routable-product,116,202,7.418,routable-product-timing-1788932557836-116
routable-product,117,202,7.208,routable-product-timing-1788932557843-117
routable-product,118,202,7.349,routable-product-timing-1788932557851-118
routable-product,119,202,7.094,routable-product-timing-1788932557858-119
routable-product,120,202,5.864,routable-product-timing-1788932557865-120
routable-product,121,202,6.137,routable-product-timing-1788932557871-121
routable-product,122,202,7.116,routable-product-timing-1788932557878-122
routable-product,123,202,7.036,routable-product-timing-1788932557885-123
routable-product,124,202,7.138,routable-product-timing-1788932557892-124
routable-product,125,202,6.866,routable-product-timing-1788932557900-125
routable-product,126,202,7.554,routable-product-timing-1788932557907-126
routable-product,127,202,7.905,routable-product-timing-1788932557914-127
routable-product,128,202,7.954,routable-product-timing-1788932557922-128
routable-product,129,202,6.873,routable-product-timing-1788932557930-129
routable-product,130,202,9.784,routable-product-timing-1788932557937-130
routable-product,131,202,6.640,routable-product-timing-1788932557947-131
routable-product,132,202,7.845,routable-product-timing-1788932557954-132
routable-product,133,202,7.625,routable-product-timing-1788932557962-133
routable-product,134,202,7.672,routable-product-timing-1788932557970-134
routable-product,135,202,7.687,routable-product-timing-1788932557978-135
routable-product,136,202,5.898,routable-product-timing-1788932557986-136
routable-product,137,202,7.878,routable-product-timing-1788932557992-137
routable-product,138,202,9.032,routable-product-timing-1788932558000-138
routable-product,139,202,6.856,routable-product-timing-1788932558009-139
routable-product,140,202,7.568,routable-product-timing-1788932558016-140
routable-product,141,202,6.954,routable-product-timing-1788932558023-141
routable-product,142,202,8.704,routable-product-timing-1788932558030-142
routable-product,143,202,7.214,routable-product-timing-1788932558039-143
routable-product,144,202,7.276,routable-product-timing-1788932558046-144
routable-product,145,202,6.904,routable-product-timing-1788932558054-145
routable-product,146,202,6.846,routable-product-timing-1788932558061-146
routable-product,147,202,8.582,routable-product-timing-1788932558068-147
routable-product,148,202,7.680,routable-product-timing-1788932558076-148
routable-product,149,202,7.240,routable-product-timing-1788932558084-149
routable-product,150,202,6.021,routable-product-timing-1788932558091-150
routable-product,151,202,8.015,routable-product-timing-1788932558098-151
routable-product,152,202,8.088,routable-product-timing-1788932558106-152
routable-product,153,202,6.862,routable-product-timing-1788932558114-153
routable-product,154,202,7.398,routable-product-timing-1788932558121-154
routable-product,155,202,7.998,routable-product-timing-1788932558129-155
routable-product,156,202,8.206,routable-product-timing-1788932558137-156
routable-product,157,202,7.771,routable-product-timing-1788932558145-157
routable-product,158,202,7.253,routable-product-timing-1788932558153-158
routable-product,159,202,7.242,routable-product-timing-1788932558161-159
routable-product,160,202,7.273,routable-product-timing-1788932558168-160
routable-product,161,202,7.527,routable-product-timing-1788932558175-161
routable-product,162,202,9.656,routable-product-timing-1788932558183-162
routable-product,163,202,7.338,routable-product-timing-1788932558193-163
routable-product,164,202,9.261,routable-product-timing-1788932558201-164
routable-product,165,202,6.964,routable-product-timing-1788932558210-165
routable-product,166,202,6.980,routable-product-timing-1788932558217-166
routable-product,167,202,6.843,routable-product-timing-1788932558224-167
routable-product,168,202,6.748,routable-product-timing-1788932558231-168
routable-product,169,202,6.861,routable-product-timing-1788932558238-169
routable-product,170,202,6.912,routable-product-timing-1788932558245-170
routable-product,171,202,7.718,routable-product-timing-1788932558252-171
routable-product,172,202,7.906,routable-product-timing-1788932558260-172
routable-product,173,202,7.419,routable-product-timing-1788932558268-173
routable-product,174,202,7.679,routable-product-timing-1788932558276-174
routable-product,175,202,6.535,routable-product-timing-1788932558284-175
routable-product,176,202,6.432,routable-product-timing-1788932558290-176
routable-product,177,202,6.215,routable-product-timing-1788932558297-177
routable-product,178,202,6.092,routable-product-timing-1788932558303-178
routable-product,179,202,7.803,routable-product-timing-1788932558310-179
routable-product,180,202,10.566,routable-product-timing-1788932558318-180
routable-product,181,202,10.843,routable-product-timing-1788932558328-181
routable-product,182,202,8.328,routable-product-timing-1788932558339-182
routable-product,183,202,8.147,routable-product-timing-1788932558348-183
routable-product,184,202,8.125,routable-product-timing-1788932558356-184
routable-product,185,202,8.212,routable-product-timing-1788932558364-185
routable-product,186,202,8.474,routable-product-timing-1788932558373-186
routable-product,187,202,11.669,routable-product-timing-1788932558381-187
routable-product,188,202,9.539,routable-product-timing-1788932558393-188
routable-product,189,202,8.014,routable-product-timing-1788932558403-189
routable-product,190,202,7.297,routable-product-timing-1788932558411-190
routable-product,191,202,7.810,routable-product-timing-1788932558419-191
routable-product,192,202,9.684,routable-product-timing-1788932558427-192
routable-product,193,202,10.571,routable-product-timing-1788932558437-193
routable-product,194,202,8.628,routable-product-timing-1788932558447-194
routable-product,195,202,7.572,routable-product-timing-1788932558456-195
routable-product,196,202,5.824,routable-product-timing-1788932558464-196
routable-product,197,202,5.494,routable-product-timing-1788932558470-197
routable-product,198,202,5.389,routable-product-timing-1788932558476-198
routable-product,199,202,6.423,routable-product-timing-1788932558481-199
routable-product,200,202,6.769,routable-product-timing-1788932558488-200
routable-product,201,202,6.941,routable-product-timing-1788932558495-201
routable-product,202,202,7.724,routable-product-timing-1788932558502-202
routable-product,203,202,7.386,routable-product-timing-1788932558510-203
routable-product,204,202,7.139,routable-product-timing-1788932558517-204
routable-product,205,202,6.814,routable-product-timing-1788932558524-205
routable-product,206,202,5.956,routable-product-timing-1788932558531-206
routable-product,207,202,7.201,routable-product-timing-1788932558538-207
routable-product,208,202,7.099,routable-product-timing-1788932558545-208
routable-product,209,202,7.072,routable-product-timing-1788932558552-209
routable-product,210,202,7.041,routable-product-timing-1788932558559-210
routable-product,211,202,7.038,routable-product-timing-1788932558567-211
routable-product,212,202,7.042,routable-product-timing-1788932558574-212
routable-product,213,202,6.991,routable-product-timing-1788932558581-213
routable-product,214,202,7.148,routable-product-timing-1788932558588-214
routable-product,215,202,7.064,routable-product-timing-1788932558596-215
routable-product,216,202,7.234,routable-product-timing-1788932558603-216
routable-product,217,202,7.933,routable-product-timing-1788932558610-217
routable-product,218,202,8.198,routable-product-timing-1788932558618-218
routable-product,219,202,8.252,routable-product-timing-1788932558627-219
routable-product,220,202,8.209,routable-product-timing-1788932558635-220
routable-product,221,202,10.257,routable-product-timing-1788932558643-221
routable-product,222,202,8.062,routable-product-timing-1788932558654-222
routable-product,223,202,8.260,routable-product-timing-1788932558662-223
routable-product,224,202,8.253,routable-product-timing-1788932558670-224
routable-product,225,202,8.129,routable-product-timing-1788932558679-225
routable-product,226,202,8.258,routable-product-timing-1788932558687-226
routable-product,227,202,7.934,routable-product-timing-1788932558695-227
routable-product,228,202,7.770,routable-product-timing-1788932558703-228
routable-product,229,202,7.544,routable-product-timing-1788932558711-229
routable-product,230,202,8.709,routable-product-timing-1788932558719-230
routable-product,231,202,7.611,routable-product-timing-1788932558728-231
routable-product,232,202,7.268,routable-product-timing-1788932558736-232
routable-product,233,202,7.393,routable-product-timing-1788932558743-233
routable-product,234,202,7.527,routable-product-timing-1788932558751-234
routable-product,235,202,5.902,routable-product-timing-1788932558758-235
routable-product,236,202,6.141,routable-product-timing-1788932558765-236
routable-product,237,202,6.707,routable-product-timing-1788932558771-237
routable-product,238,202,7.448,routable-product-timing-1788932558778-238
routable-product,239,202,7.289,routable-product-timing-1788932558785-239
routable-product,240,202,7.190,routable-product-timing-1788932558793-240
routable-product,241,202,7.113,routable-product-timing-1788932558800-241
routable-product,242,202,7.059,routable-product-timing-1788932558807-242
routable-product,243,202,7.338,routable-product-timing-1788932558815-243
routable-product,244,202,7.056,routable-product-timing-1788932558822-244
routable-product,245,202,7.964,routable-product-timing-1788932558829-245
routable-product,246,202,8.131,routable-product-timing-1788932558837-246
routable-product,247,202,8.197,routable-product-timing-1788932558846-247
routable-product,248,202,8.266,routable-product-timing-1788932558854-248
routable-product,249,202,8.524,routable-product-timing-1788932558862-249
routable-product,250,202,8.000,routable-product-timing-1788932558871-250
routable-product,251,202,7.533,routable-product-timing-1788932558879-251
routable-product,252,202,7.557,routable-product-timing-1788932558887-252
routable-product,253,202,7.926,routable-product-timing-1788932558895-253
routable-product,254,202,7.142,routable-product-timing-1788932558903-254
routable-product,255,202,6.807,routable-product-timing-1788932558910-255
routable-product,256,202,6.939,routable-product-timing-1788932558917-256
routable-product,257,202,6.999,routable-product-timing-1788932558924-257
routable-product,258,202,6.969,routable-product-timing-1788932558931-258
routable-product,259,202,7.091,routable-product-timing-1788932558938-259
routable-product,260,202,6.232,routable-product-timing-1788932558945-260
routable-product,261,202,7.194,routable-product-timing-1788932558952-261
routable-product,262,202,10.140,routable-product-timing-1788932558959-262
routable-product,263,202,7.952,routable-product-timing-1788932558969-263
routable-product,264,202,7.354,routable-product-timing-1788932558978-264
routable-product,265,202,7.256,routable-product-timing-1788932558985-265
routable-product,266,202,5.684,routable-product-timing-1788932558992-266
routable-product,267,202,6.877,routable-product-timing-1788932558998-267
routable-product,268,202,6.772,routable-product-timing-1788932559005-268
routable-product,269,202,7.400,routable-product-timing-1788932559012-269
routable-product,270,202,6.983,routable-product-timing-1788932559020-270
routable-product,271,202,7.025,routable-product-timing-1788932559027-271
routable-product,272,202,7.145,routable-product-timing-1788932559034-272
routable-product,273,202,7.182,routable-product-timing-1788932559041-273
routable-product,274,202,7.173,routable-product-timing-1788932559049-274
routable-product,275,202,8.078,routable-product-timing-1788932559056-275
routable-product,276,202,9.249,routable-product-timing-1788932559064-276
routable-product,277,202,8.096,routable-product-timing-1788932559074-277
routable-product,278,202,8.218,routable-product-timing-1788932559082-278
routable-product,279,202,7.714,routable-product-timing-1788932559090-279
routable-product,280,202,7.291,routable-product-timing-1788932559098-280
routable-product,281,202,7.164,routable-product-timing-1788932559106-281
routable-product,282,202,7.189,routable-product-timing-1788932559113-282
routable-product,283,202,7.210,routable-product-timing-1788932559120-283
routable-product,284,202,7.121,routable-product-timing-1788932559128-284
routable-product,285,202,7.838,routable-product-timing-1788932559135-285
routable-product,286,202,8.074,routable-product-timing-1788932559143-286
routable-product,287,202,8.417,routable-product-timing-1788932559151-287
routable-product,288,202,7.890,routable-product-timing-1788932559160-288
routable-product,289,202,7.856,routable-product-timing-1788932559168-289
routable-product,290,202,8.433,routable-product-timing-1788932559176-290
routable-product,291,202,7.530,routable-product-timing-1788932559184-291
routable-product,292,202,7.160,routable-product-timing-1788932559192-292
routable-product,293,202,7.078,routable-product-timing-1788932559199-293
routable-product,294,202,5.966,routable-product-timing-1788932559206-294
routable-product,295,202,7.122,routable-product-timing-1788932559213-295
routable-product,296,202,7.123,routable-product-timing-1788932559220-296
routable-product,297,202,6.986,routable-product-timing-1788932559227-297
routable-product,298,202,7.080,routable-product-timing-1788932559234-298
routable-product,299,202,5.816,routable-product-timing-1788932559241-299
routable-order,0,202,7.768,routable-order-timing-1788932559247-0
routable-order,1,202,7.977,routable-order-timing-1788932559255-1
routable-order,2,202,11.096,routable-order-timing-1788932559263-2
routable-order,3,202,10.059,routable-order-timing-1788932559275-3
routable-order,4,202,7.934,routable-order-timing-1788932559285-4
routable-order,5,202,7.844,routable-order-timing-1788932559293-5
routable-order,6,202,8.625,routable-order-timing-1788932559301-6
routable-order,7,202,9.116,routable-order-timing-1788932559310-7
routable-order,8,202,9.272,routable-order-timing-1788932559319-8
routable-order,9,202,7.748,routable-order-timing-1788932559328-9
routable-order,10,202,8.882,routable-order-timing-1788932559336-10
routable-order,11,202,7.742,routable-order-timing-1788932559345-11
routable-order,12,202,8.672,routable-order-timing-1788932559353-12
routable-order,13,202,7.883,routable-order-timing-1788932559362-13
routable-order,14,202,7.789,routable-order-timing-1788932559370-14
routable-order,15,202,7.881,routable-order-timing-1788932559378-15
routable-order,16,202,9.740,routable-order-timing-1788932559386-16
routable-order,17,202,7.842,routable-order-timing-1788932559396-17
routable-order,18,202,7.752,routable-order-timing-1788932559404-18
routable-order,19,202,7.710,routable-order-timing-1788932559412-19
routable-order,20,202,7.546,routable-order-timing-1788932559420-20
routable-order,21,202,7.602,routable-order-timing-1788932559428-21
routable-order,22,202,6.551,routable-order-timing-1788932559435-22
routable-order,23,202,7.717,routable-order-timing-1788932559442-23
routable-order,24,202,7.682,routable-order-timing-1788932559450-24
routable-order,25,202,7.574,routable-order-timing-1788932559458-25
routable-order,26,202,7.628,routable-order-timing-1788932559466-26
routable-order,27,202,9.052,routable-order-timing-1788932559473-27
routable-order,28,202,9.436,routable-order-timing-1788932559483-28
routable-order,29,202,9.030,routable-order-timing-1788932559492-29
routable-order,30,202,8.080,routable-order-timing-1788932559501-30
routable-order,31,202,7.925,routable-order-timing-1788932559510-31
routable-order,32,202,17.573,routable-order-timing-1788932559518-32
routable-order,33,202,8.192,routable-order-timing-1788932559535-33
routable-order,34,202,7.806,routable-order-timing-1788932559544-34
routable-order,35,202,7.791,routable-order-timing-1788932559552-35
routable-order,36,202,7.718,routable-order-timing-1788932559560-36
routable-order,37,202,7.787,routable-order-timing-1788932559568-37
routable-order,38,202,7.604,routable-order-timing-1788932559576-38
routable-order,39,202,7.102,routable-order-timing-1788932559583-39
routable-order,40,202,7.770,routable-order-timing-1788932559591-40
routable-order,41,202,8.176,routable-order-timing-1788932559599-41
routable-order,42,202,11.191,routable-order-timing-1788932559607-42
routable-order,43,202,7.807,routable-order-timing-1788932559618-43
routable-order,44,202,7.702,routable-order-timing-1788932559626-44
routable-order,45,202,7.587,routable-order-timing-1788932559634-45
routable-order,46,202,7.762,routable-order-timing-1788932559642-46
routable-order,47,202,7.745,routable-order-timing-1788932559650-47
routable-order,48,202,7.776,routable-order-timing-1788932559658-48
routable-order,49,202,7.647,routable-order-timing-1788932559666-49
routable-order,50,202,7.659,routable-order-timing-1788932559673-50
routable-order,51,202,7.853,routable-order-timing-1788932559681-51
routable-order,52,202,7.931,routable-order-timing-1788932559689-52
routable-order,53,202,7.763,routable-order-timing-1788932559697-53
routable-order,54,202,7.895,routable-order-timing-1788932559705-54
routable-order,55,202,7.696,routable-order-timing-1788932559713-55
routable-order,56,202,7.835,routable-order-timing-1788932559721-56
routable-order,57,202,7.811,routable-order-timing-1788932559729-57
routable-order,58,202,7.624,routable-order-timing-1788932559737-58
routable-order,59,202,7.951,routable-order-timing-1788932559745-59
routable-order,60,202,7.472,routable-order-timing-1788932559753-60
routable-order,61,202,7.516,routable-order-timing-1788932559761-61
routable-order,62,202,7.686,routable-order-timing-1788932559768-62
routable-order,63,202,7.581,routable-order-timing-1788932559776-63
routable-order,64,202,7.729,routable-order-timing-1788932559784-64
routable-order,65,202,7.688,routable-order-timing-1788932559792-65
routable-order,66,202,7.796,routable-order-timing-1788932559800-66
routable-order,67,202,7.745,routable-order-timing-1788932559808-67
routable-order,68,202,7.724,routable-order-timing-1788932559816-68
routable-order,69,202,6.589,routable-order-timing-1788932559823-69
routable-order,70,202,7.805,routable-order-timing-1788932559830-70
routable-order,71,202,8.433,routable-order-timing-1788932559838-71
routable-order,72,202,7.979,routable-order-timing-1788932559847-72
routable-order,73,202,7.839,routable-order-timing-1788932559855-73
routable-order,74,202,8.533,routable-order-timing-1788932559863-74
routable-order,75,202,8.671,routable-order-timing-1788932559872-75
routable-order,76,202,8.640,routable-order-timing-1788932559880-76
routable-order,77,202,8.710,routable-order-timing-1788932559889-77
routable-order,78,202,8.619,routable-order-timing-1788932559898-78
routable-order,79,202,8.638,routable-order-timing-1788932559907-79
routable-order,80,202,8.710,routable-order-timing-1788932559916-80
routable-order,81,202,8.365,routable-order-timing-1788932559924-81
routable-order,82,202,11.046,routable-order-timing-1788932559933-82
routable-order,83,202,8.778,routable-order-timing-1788932559944-83
routable-order,84,202,8.706,routable-order-timing-1788932559953-84
routable-order,85,202,8.528,routable-order-timing-1788932559962-85
routable-order,86,202,7.916,routable-order-timing-1788932559971-86
routable-order,87,202,7.939,routable-order-timing-1788932559979-87
routable-order,88,202,7.809,routable-order-timing-1788932559987-88
routable-order,89,202,8.044,routable-order-timing-1788932559995-89
routable-order,90,202,8.327,routable-order-timing-1788932560003-90
routable-order,91,202,7.007,routable-order-timing-1788932560011-91
routable-order,92,202,8.370,routable-order-timing-1788932560019-92
routable-order,93,202,8.884,routable-order-timing-1788932560027-93
routable-order,94,202,9.139,routable-order-timing-1788932560036-94
routable-order,95,202,8.662,routable-order-timing-1788932560045-95
routable-order,96,202,8.859,routable-order-timing-1788932560054-96
routable-order,97,202,9.054,routable-order-timing-1788932560063-97
routable-order,98,202,9.297,routable-order-timing-1788932560073-98
routable-order,99,202,10.924,routable-order-timing-1788932560082-99
routable-order,100,202,8.858,routable-order-timing-1788932560093-100
routable-order,101,202,8.693,routable-order-timing-1788932560102-101
routable-order,102,202,8.687,routable-order-timing-1788932560111-102
routable-order,103,202,8.626,routable-order-timing-1788932560120-103
routable-order,104,202,8.911,routable-order-timing-1788932560129-104
routable-order,105,202,8.220,routable-order-timing-1788932560138-105
routable-order,106,202,7.748,routable-order-timing-1788932560146-106
routable-order,107,202,7.682,routable-order-timing-1788932560154-107
routable-order,108,202,7.710,routable-order-timing-1788932560162-108
routable-order,109,202,7.800,routable-order-timing-1788932560170-109
routable-order,110,202,7.738,routable-order-timing-1788932560178-110
routable-order,111,202,7.755,routable-order-timing-1788932560185-111
routable-order,112,202,7.667,routable-order-timing-1788932560193-112
routable-order,113,202,7.758,routable-order-timing-1788932560201-113
routable-order,114,202,7.658,routable-order-timing-1788932560209-114
routable-order,115,202,7.615,routable-order-timing-1788932560217-115
routable-order,116,202,7.687,routable-order-timing-1788932560225-116
routable-order,117,202,7.789,routable-order-timing-1788932560233-117
routable-order,118,202,7.843,routable-order-timing-1788932560241-118
routable-order,119,202,7.879,routable-order-timing-1788932560249-119
routable-order,120,202,8.548,routable-order-timing-1788932560257-120
routable-order,121,202,10.504,routable-order-timing-1788932560265-121
routable-order,122,202,8.675,routable-order-timing-1788932560276-122
routable-order,123,202,8.775,routable-order-timing-1788932560285-123
routable-order,124,202,8.773,routable-order-timing-1788932560294-124
routable-order,125,202,8.536,routable-order-timing-1788932560303-125
routable-order,126,202,7.742,routable-order-timing-1788932560311-126
routable-order,127,202,7.591,routable-order-timing-1788932560319-127
routable-order,128,202,7.618,routable-order-timing-1788932560327-128
routable-order,129,202,7.651,routable-order-timing-1788932560335-129
routable-order,130,202,7.809,routable-order-timing-1788932560343-130
routable-order,131,202,7.774,routable-order-timing-1788932560351-131
routable-order,132,202,7.683,routable-order-timing-1788932560359-132
routable-order,133,202,7.809,routable-order-timing-1788932560366-133
routable-order,134,202,7.747,routable-order-timing-1788932560374-134
routable-order,135,202,7.858,routable-order-timing-1788932560382-135
routable-order,136,202,7.911,routable-order-timing-1788932560390-136
routable-order,137,202,7.880,routable-order-timing-1788932560398-137
routable-order,138,202,7.797,routable-order-timing-1788932560406-138
routable-order,139,202,7.598,routable-order-timing-1788932560414-139
routable-order,140,202,7.571,routable-order-timing-1788932560422-140
routable-order,141,202,7.615,routable-order-timing-1788932560430-141
routable-order,142,202,7.615,routable-order-timing-1788932560438-142
routable-order,143,202,7.742,routable-order-timing-1788932560445-143
routable-order,144,202,7.867,routable-order-timing-1788932560453-144
routable-order,145,202,7.717,routable-order-timing-1788932560461-145
routable-order,146,202,7.654,routable-order-timing-1788932560469-146
routable-order,147,202,7.629,routable-order-timing-1788932560477-147
routable-order,148,202,7.876,routable-order-timing-1788932560485-148
routable-order,149,202,7.944,routable-order-timing-1788932560493-149
routable-order,150,202,7.801,routable-order-timing-1788932560501-150
routable-order,151,202,7.729,routable-order-timing-1788932560509-151
routable-order,152,202,7.582,routable-order-timing-1788932560517-152
routable-order,153,202,7.796,routable-order-timing-1788932560525-153
routable-order,154,202,9.994,routable-order-timing-1788932560533-154
routable-order,155,202,8.825,routable-order-timing-1788932560543-155
routable-order,156,202,8.548,routable-order-timing-1788932560552-156
routable-order,157,202,8.639,routable-order-timing-1788932560560-157
routable-order,158,202,8.594,routable-order-timing-1788932560569-158
routable-order,159,202,8.639,routable-order-timing-1788932560578-159
routable-order,160,202,8.529,routable-order-timing-1788932560587-160
routable-order,161,202,10.069,routable-order-timing-1788932560595-161
routable-order,162,202,7.923,routable-order-timing-1788932560606-162
routable-order,163,202,7.490,routable-order-timing-1788932560614-163
routable-order,164,202,10.547,routable-order-timing-1788932560621-164
routable-order,165,202,7.852,routable-order-timing-1788932560632-165
routable-order,166,202,7.486,routable-order-timing-1788932560640-166
routable-order,167,202,7.209,routable-order-timing-1788932560648-167
routable-order,168,202,7.031,routable-order-timing-1788932560655-168
routable-order,169,202,10.084,routable-order-timing-1788932560662-169
routable-order,170,202,6.922,routable-order-timing-1788932560672-170
routable-order,171,202,6.047,routable-order-timing-1788932560679-171
routable-order,172,202,7.418,routable-order-timing-1788932560686-172
routable-order,173,202,7.180,routable-order-timing-1788932560693-173
routable-order,174,202,6.374,routable-order-timing-1788932560700-174
routable-order,175,202,7.219,routable-order-timing-1788932560707-175
routable-order,176,202,7.631,routable-order-timing-1788932560714-176
routable-order,177,202,7.722,routable-order-timing-1788932560722-177
routable-order,178,202,9.001,routable-order-timing-1788932560730-178
routable-order,179,202,7.962,routable-order-timing-1788932560739-179
routable-order,180,202,7.485,routable-order-timing-1788932560747-180
routable-order,181,202,7.518,routable-order-timing-1788932560755-181
routable-order,182,202,8.338,routable-order-timing-1788932560763-182
routable-order,183,202,8.547,routable-order-timing-1788932560771-183
routable-order,184,202,8.492,routable-order-timing-1788932560780-184
routable-order,185,202,8.886,routable-order-timing-1788932560788-185
routable-order,186,202,7.971,routable-order-timing-1788932560797-186
routable-order,187,202,8.809,routable-order-timing-1788932560806-187
routable-order,188,202,8.439,routable-order-timing-1788932560814-188
routable-order,189,202,8.582,routable-order-timing-1788932560823-189
routable-order,190,202,11.883,routable-order-timing-1788932560832-190
routable-order,191,202,8.171,routable-order-timing-1788932560844-191
routable-order,192,202,8.429,routable-order-timing-1788932560852-192
routable-order,193,202,8.208,routable-order-timing-1788932560861-193
routable-order,194,202,8.434,routable-order-timing-1788932560869-194
routable-order,195,202,8.474,routable-order-timing-1788932560878-195
routable-order,196,202,8.016,routable-order-timing-1788932560886-196
routable-order,197,202,8.097,routable-order-timing-1788932560895-197
routable-order,198,202,10.155,routable-order-timing-1788932560903-198
routable-order,199,202,9.714,routable-order-timing-1788932560913-199
routable-order,200,202,13.539,routable-order-timing-1788932560923-200
routable-order,201,202,6.792,routable-order-timing-1788932560937-201
routable-order,202,202,9.965,routable-order-timing-1788932560944-202
routable-order,203,202,8.893,routable-order-timing-1788932560954-203
routable-order,204,202,7.678,routable-order-timing-1788932560963-204
routable-order,205,202,8.155,routable-order-timing-1788932560971-205
routable-order,206,202,7.409,routable-order-timing-1788932560979-206
routable-order,207,202,6.389,routable-order-timing-1788932560987-207
routable-order,208,202,6.028,routable-order-timing-1788932560993-208
routable-order,209,202,6.057,routable-order-timing-1788932560999-209
routable-order,210,202,5.988,routable-order-timing-1788932561005-210
routable-order,211,202,7.131,routable-order-timing-1788932561012-211
routable-order,212,202,7.090,routable-order-timing-1788932561019-212
routable-order,213,202,7.252,routable-order-timing-1788932561026-213
routable-order,214,202,7.216,routable-order-timing-1788932561033-214
routable-order,215,202,7.179,routable-order-timing-1788932561041-215
routable-order,216,202,7.275,routable-order-timing-1788932561048-216
routable-order,217,202,7.058,routable-order-timing-1788932561056-217
routable-order,218,202,13.431,routable-order-timing-1788932561063-218
routable-order,219,202,8.559,routable-order-timing-1788932561076-219
routable-order,220,202,9.896,routable-order-timing-1788932561085-220
routable-order,221,202,8.014,routable-order-timing-1788932561095-221
routable-order,222,202,7.705,routable-order-timing-1788932561103-222
routable-order,223,202,7.894,routable-order-timing-1788932561111-223
routable-order,224,202,8.701,routable-order-timing-1788932561119-224
routable-order,225,202,8.640,routable-order-timing-1788932561128-225
routable-order,226,202,8.934,routable-order-timing-1788932561137-226
routable-order,227,202,9.383,routable-order-timing-1788932561146-227
routable-order,228,202,8.166,routable-order-timing-1788932561155-228
routable-order,229,202,9.234,routable-order-timing-1788932561164-229
routable-order,230,202,8.670,routable-order-timing-1788932561173-230
routable-order,231,202,11.793,routable-order-timing-1788932561182-231
routable-order,232,202,8.359,routable-order-timing-1788932561194-232
routable-order,233,202,6.997,routable-order-timing-1788932561202-233
routable-order,234,202,8.315,routable-order-timing-1788932561210-234
routable-order,235,202,8.691,routable-order-timing-1788932561218-235
routable-order,236,202,8.682,routable-order-timing-1788932561227-236
routable-order,237,202,8.786,routable-order-timing-1788932561236-237
routable-order,238,202,8.997,routable-order-timing-1788932561245-238
routable-order,239,202,8.734,routable-order-timing-1788932561254-239
routable-order,240,202,10.436,routable-order-timing-1788932561263-240
routable-order,241,202,7.869,routable-order-timing-1788932561273-241
routable-order,242,202,7.928,routable-order-timing-1788932561281-242
routable-order,243,202,8.066,routable-order-timing-1788932561289-243
routable-order,244,202,7.971,routable-order-timing-1788932561298-244
routable-order,245,202,9.972,routable-order-timing-1788932561306-245
routable-order,246,202,9.384,routable-order-timing-1788932561316-246
routable-order,247,202,7.456,routable-order-timing-1788932561325-247
routable-order,248,202,8.558,routable-order-timing-1788932561333-248
routable-order,249,202,8.629,routable-order-timing-1788932561342-249
routable-order,250,202,8.791,routable-order-timing-1788932561351-250
routable-order,251,202,8.734,routable-order-timing-1788932561359-251
routable-order,252,202,8.714,routable-order-timing-1788932561368-252
routable-order,253,202,8.623,routable-order-timing-1788932561377-253
routable-order,254,202,8.762,routable-order-timing-1788932561386-254
routable-order,255,202,8.795,routable-order-timing-1788932561395-255
routable-order,256,202,9.165,routable-order-timing-1788932561404-256
routable-order,257,202,8.963,routable-order-timing-1788932561413-257
routable-order,258,202,10.789,routable-order-timing-1788932561422-258
routable-order,259,202,8.634,routable-order-timing-1788932561433-259
routable-order,260,202,8.403,routable-order-timing-1788932561442-260
routable-order,261,202,8.359,routable-order-timing-1788932561451-261
routable-order,262,202,8.076,routable-order-timing-1788932561459-262
routable-order,263,202,6.804,routable-order-timing-1788932561467-263
routable-order,264,202,7.982,routable-order-timing-1788932561474-264
routable-order,265,202,7.991,routable-order-timing-1788932561482-265
routable-order,266,202,7.853,routable-order-timing-1788932561491-266
routable-order,267,202,8.005,routable-order-timing-1788932561499-267
routable-order,268,202,7.645,routable-order-timing-1788932561507-268
routable-order,269,202,7.778,routable-order-timing-1788932561515-269
routable-order,270,202,7.929,routable-order-timing-1788932561523-270
routable-order,271,202,7.699,routable-order-timing-1788932561531-271
routable-order,272,202,7.700,routable-order-timing-1788932561539-272
routable-order,273,202,7.804,routable-order-timing-1788932561546-273
routable-order,274,202,10.863,routable-order-timing-1788932561554-274
routable-order,275,202,7.247,routable-order-timing-1788932561565-275
routable-order,276,202,8.524,routable-order-timing-1788932561573-276
routable-order,277,202,6.686,routable-order-timing-1788932561581-277
routable-order,278,202,7.799,routable-order-timing-1788932561588-278
routable-order,279,202,7.853,routable-order-timing-1788932561596-279
routable-order,280,202,9.694,routable-order-timing-1788932561604-280
routable-order,281,202,7.954,routable-order-timing-1788932561614-281
routable-order,282,202,8.227,routable-order-timing-1788932561622-282
routable-order,283,202,7.039,routable-order-timing-1788932561630-283
routable-order,284,202,8.268,routable-order-timing-1788932561638-284
routable-order,285,202,8.471,routable-order-timing-1788932561646-285
routable-order,286,202,8.376,routable-order-timing-1788932561655-286
routable-order,287,202,8.186,routable-order-timing-1788932561663-287
routable-order,288,202,6.825,routable-order-timing-1788932561671-288
routable-order,289,202,7.762,routable-order-timing-1788932561678-289
routable-order,290,202,7.885,routable-order-timing-1788932561686-290
routable-order,291,202,11.198,routable-order-timing-1788932561694-291
routable-order,292,202,7.743,routable-order-timing-1788932561706-292
routable-order,293,202,7.513,routable-order-timing-1788932561714-293
routable-order,294,202,7.465,routable-order-timing-1788932561721-294
routable-order,295,202,7.495,routable-order-timing-1788932561729-295
routable-order,296,202,7.571,routable-order-timing-1788932561736-296
routable-order,297,202,7.744,routable-order-timing-1788932561744-297
routable-order,298,202,8.132,routable-order-timing-1788932561752-298
routable-order,299,202,8.356,routable-order-timing-1788932561760-299
