idempotency_key,claimed_at
f7:probe:realtime:control:0:1788940499872764329,2026-09-09T07:55:01Z
f7:probe:fiscal:control:0:1788940499912212173,2026-09-09T07:55:01Z
f7:probe:realtime:control:1:1788940514943469542,2026-09-09T07:55:15Z
f7:probe:fiscal:control:1:1788940514974894056,2026-09-09T07:55:15Z
f7:probe:realtime:control:2:1788940530015374839,2026-09-09T07:55:30Z
f7:probe:fiscal:control:2:1788940530040976914,2026-09-09T07:55:30Z
f7:probe:realtime:control:3:1788940545077130815,2026-09-09T07:55:46Z
f7:probe:fiscal:control:3:1788940545107569612,2026-09-09T07:55:46Z
f7:probe:realtime:control:4:1788940560142773300,2026-09-09T07:56:01Z
f7:probe:fiscal:control:4:1788940560171215254,2026-09-09T07:56:01Z
f7:probe:realtime:control:5:1788940575205320782,2026-09-09T07:56:15Z
f7:probe:fiscal:control:5:1788940575235213901,2026-09-09T07:56:15Z
f7:probe:fiscal:control:6:1788940590298575293,2026-09-09T07:56:31Z
f7:probe:realtime:control:6:1788940590270287788,2026-09-09T07:56:32Z
f7:probe:realtime:control:7:1788940605335006987,2026-09-09T07:56:46Z
f7:probe:fiscal:control:7:1788940605363824099,2026-09-09T07:56:46Z
f7:probe:realtime:control:8:1788940620399320042,2026-09-09T07:57:01Z
f7:probe:fiscal:control:8:1788940620427984875,2026-09-09T07:57:01Z
f7:probe:fiscal:control:9:1788940635493173114,2026-09-09T07:57:15Z
f7:probe:realtime:control:9:1788940635464378371,2026-09-09T07:57:19Z
f7:probe:realtime:control:10:1788940650531576564,2026-09-09T07:57:32Z
f7:probe:fiscal:control:10:1788940650556280921,2026-09-09T07:57:32Z
f7:probe:fiscal:control:11:1788940665618214055,2026-09-09T07:57:47Z
f7:probe:realtime:control:11:1788940665589239854,2026-09-09T07:58:00Z
f7:probe:fiscal:loaded:0:1788940868645754493,2026-09-09T08:01:10Z
f7:probe:realtime:loaded:0:1788940868620271429,2026-09-09T08:01:10Z
f7:probe:realtime:loaded:1:1788940883679853181,2026-09-09T08:01:24Z
f7:probe:fiscal:loaded:1:1788940883707645910,2026-09-09T08:01:24Z
f7:probe:realtime:loaded:2:1788940898743461563,2026-09-09T08:01:39Z
f7:probe:fiscal:loaded:2:1788940898771703512,2026-09-09T08:01:39Z
f7:probe:fiscal:loaded:3:1788940913831034854,2026-09-09T08:01:55Z
f7:probe:realtime:loaded:3:1788940913805127296,2026-09-09T08:01:55Z
f7:probe:realtime:loaded:4:1788940928862300287,2026-09-09T08:02:09Z
f7:probe:fiscal:loaded:4:1788940928888725144,2026-09-09T08:02:09Z
f7:probe:realtime:loaded:5:1788940943922002953,2026-09-09T08:02:24Z
f7:probe:fiscal:loaded:5:1788940943939562535,2026-09-09T08:02:24Z
f7:probe:fiscal:loaded:6:1788940959000748836,2026-09-09T08:02:40Z
f7:probe:realtime:loaded:6:1788940958972929365,2026-09-09T08:02:40Z
f7:probe:fiscal:loaded:7:1788940974061515665,2026-09-09T08:02:55Z
f7:probe:realtime:loaded:7:1788940974033453013,2026-09-09T08:03:00Z
f7:probe:realtime:loaded:8:1788940989096397754,2026-09-09T08:03:10Z
f7:probe:fiscal:loaded:8:1788940989124336098,2026-09-09T08:03:10Z
f7:probe:realtime:loaded:9:1788941004151096090,2026-09-09T08:03:25Z
f7:probe:fiscal:loaded:9:1788941004179773011,2026-09-09T08:03:25Z
f7:probe:fiscal:loaded:10:1788941019241328073,2026-09-09T08:03:40Z
f7:probe:realtime:loaded:10:1788941019213546483,2026-09-09T08:03:42Z
f7:probe:fiscal:loaded:11:1788941034307819441,2026-09-09T08:03:56Z
f7:probe:realtime:loaded:11:1788941034277827134,2026-09-09T08:03:57Z
