arm,seq,enqueued_at,idempotency_key
control,0,2026-09-09T07:54:59Z,f7:probe:realtime:control:0:1788940499872764329
control,1,2026-09-09T07:55:14Z,f7:probe:realtime:control:1:1788940514943469542
control,2,2026-09-09T07:55:30Z,f7:probe:realtime:control:2:1788940530015374839
control,3,2026-09-09T07:55:45Z,f7:probe:realtime:control:3:1788940545077130815
control,4,2026-09-09T07:56:00Z,f7:probe:realtime:control:4:1788940560142773300
control,5,2026-09-09T07:56:15Z,f7:probe:realtime:control:5:1788940575205320782
control,6,2026-09-09T07:56:30Z,f7:probe:realtime:control:6:1788940590270287788
control,7,2026-09-09T07:56:45Z,f7:probe:realtime:control:7:1788940605335006987
control,8,2026-09-09T07:57:00Z,f7:probe:realtime:control:8:1788940620399320042
control,9,2026-09-09T07:57:15Z,f7:probe:realtime:control:9:1788940635464378371
control,10,2026-09-09T07:57:30Z,f7:probe:realtime:control:10:1788940650531576564
control,11,2026-09-09T07:57:45Z,f7:probe:realtime:control:11:1788940665589239854
loaded,0,2026-09-09T08:01:08Z,f7:probe:realtime:loaded:0:1788940868620271429
loaded,1,2026-09-09T08:01:23Z,f7:probe:realtime:loaded:1:1788940883679853181
loaded,2,2026-09-09T08:01:38Z,f7:probe:realtime:loaded:2:1788940898743461563
loaded,3,2026-09-09T08:01:53Z,f7:probe:realtime:loaded:3:1788940913805127296
loaded,4,2026-09-09T08:02:08Z,f7:probe:realtime:loaded:4:1788940928862300287
loaded,5,2026-09-09T08:02:23Z,f7:probe:realtime:loaded:5:1788940943922002953
loaded,6,2026-09-09T08:02:38Z,f7:probe:realtime:loaded:6:1788940958972929365
loaded,7,2026-09-09T08:02:54Z,f7:probe:realtime:loaded:7:1788940974033453013
loaded,8,2026-09-09T08:03:09Z,f7:probe:realtime:loaded:8:1788940989096397754
loaded,9,2026-09-09T08:03:24Z,f7:probe:realtime:loaded:9:1788941004151096090
loaded,10,2026-09-09T08:03:39Z,f7:probe:realtime:loaded:10:1788941019213546483
loaded,11,2026-09-09T08:03:54Z,f7:probe:realtime:loaded:11:1788941034277827134
