epoch,iso,due_queued,running,completed,oldest_due_age_s,feed_backlog,available_work
1788872105,2026-09-08T12:55:05Z,1,0,0,0,900,901
1788872111,2026-09-08T12:55:11Z,96,2,2,5,800,898
1788872116,2026-09-08T12:55:16Z,113,2,7,11,700,815
1788872122,2026-09-08T12:55:22Z,188,1,11,16,700,889
1788872127,2026-09-08T12:55:27Z,284,2,15,22,600,886
1788872133,2026-09-08T12:55:33Z,280,1,19,27,600,881
1788872139,2026-09-08T12:55:39Z,374,2,24,33,500,876
1788872144,2026-09-08T12:55:44Z,370,2,29,38,500,872
1788872150,2026-09-08T12:55:50Z,466,2,32,44,400,868
1788872155,2026-09-08T12:55:55Z,463,1,37,50,400,864
1788872161,2026-09-08T12:56:01Z,556,2,42,55,300,858
1788872167,2026-09-08T12:56:07Z,644,1,48,61,200,845
1788872172,2026-09-08T12:56:12Z,646,1,53,66,200,847
1788872178,2026-09-08T12:56:18Z,741,1,58,72,100,842
1788872183,2026-09-08T12:56:23Z,736,2,63,77,100,838
1788872189,2026-09-08T12:56:29Z,831,2,68,83,0,833
1788872194,2026-09-08T12:56:34Z,827,1,72,89,0,828
1788872200,2026-09-08T12:56:40Z,822,2,76,94,0,824
1788872206,2026-09-08T12:56:46Z,818,1,82,100,0,819
1788872211,2026-09-08T12:56:51Z,812,2,86,105,0,814
1788872217,2026-09-08T12:56:57Z,808,1,91,111,0,809
1788872222,2026-09-08T12:57:02Z,802,2,96,117,0,804
1788872228,2026-09-08T12:57:08Z,797,1,102,122,0,798
1788872233,2026-09-08T12:57:13Z,791,2,107,128,0,793
1788872239,2026-09-08T12:57:19Z,787,1,112,133,0,788
1788872245,2026-09-08T12:57:25Z,782,2,117,139,0,784
1788872250,2026-09-08T12:57:30Z,776,2,123,144,0,778
1788872256,2026-09-08T12:57:36Z,772,1,128,150,0,773
1788872261,2026-09-08T12:57:41Z,765,2,133,156,0,767
1788872267,2026-09-08T12:57:47Z,760,1,139,161,0,761
1788872272,2026-09-08T12:57:52Z,754,2,144,167,0,756
1788872278,2026-09-08T12:57:58Z,749,1,150,172,0,750
1788872284,2026-09-08T12:58:04Z,743,2,155,178,0,745
1788872289,2026-09-08T12:58:09Z,738,2,161,183,0,740
1788872295,2026-09-08T12:58:15Z,733,2,166,189,0,735
1788872300,2026-09-08T12:58:20Z,727,2,171,195,0,729
1788872306,2026-09-08T12:58:26Z,723,1,177,200,0,724
1788872311,2026-09-08T12:58:31Z,716,2,182,206,0,718
1788872317,2026-09-08T12:58:37Z,711,1,188,211,0,712
1788872323,2026-09-08T12:58:43Z,705,2,193,217,0,707
1788872328,2026-09-08T12:58:48Z,700,1,199,222,0,701
1788872334,2026-09-08T12:58:54Z,694,2,204,228,0,696
1788872339,2026-09-08T12:58:59Z,689,1,210,234,0,690
1788872345,2026-09-08T12:59:05Z,683,2,215,239,0,685
1788872350,2026-09-08T12:59:10Z,678,2,221,245,0,680
1788872356,2026-09-08T12:59:16Z,674,3,226,250,0,677
1788872362,2026-09-08T12:59:22Z,667,2,232,256,0,669
1788872367,2026-09-08T12:59:27Z,662,1,237,261,0,663
1788872373,2026-09-08T12:59:33Z,656,2,242,267,0,658
1788872378,2026-09-08T12:59:38Z,651,1,248,273,0,652
1788872384,2026-09-08T12:59:44Z,645,2,253,278,0,647
1788872389,2026-09-08T12:59:49Z,640,1,259,284,0,641
1788872395,2026-09-08T12:59:55Z,634,2,264,289,0,636
1788872401,2026-09-08T13:00:01Z,629,1,270,295,0,630
